0,1
umkm,77
cara,61
digital,59
marketing,56
kemas,53
desain,52
produk,27
buat,24
amp,14
bisnis,14
ecommerce,13
tutorial,12
quot,10
adobe,10
strategi,9
online,9
kerja,9
a,8
usaha,8
aplikasi,8
label,8
ajar,7
quality,7
snack,7
illustrator,7
mula,6
apa,6
pakai,6
ukm,6
tips,6
control,6
kompor,6
hicook,6
coreldraw,6
for,5
wajib,5
pasar,5
in,5
to,5
kunjung,5
makan,5
ekspor,5
series,5
sistem,5
bangun,4
media,4
start,4
step,4
tugas,4
indonesia,4
latih,4
mudah,4
kelas,4
tingkat,4
baru,4
benar,3
beginners,3
lebih,3
program,3
tools,3
baik,3
social,3
strategy,3
kenal,3
day,3
jadi,3
how,3
by,3
the,3
observasi,3
kkn,3
proses,3
tembus,3
kelompok,3
jawa,3
belanja,3
episode,3
webinar,3
kecil,3
layan,3
shopee,3
toko,3
jual,3
beli,3
edar,3
kc,3
portabel,3
pouch,3
photoshop,3
x,3
packaging,3
do,2
analisis,2
trend,2
contoh,2
gratis,2
karir,2
what,2
is,2
simplilearn,2
jenis,2
erti,2
bikin,2
rahasia,2
bidang,2
gaji,2
strategies,2
profesi,2
sendiri,2
live,2
beginner,2
s,2
penting,2
business,2
my,2
life,2
of,2
specialist,2
marketer,2
mau,2
qc,2
tau,2
salah,2
keju,2
teknologi,2
kopi,2
bbm,2
shantika,2
fashion,2
hadap,2
global,2
konveksi,2
alat,2
kualitas,2
bagai,2
ringan,2
koperasi,2
it,2
tengah,2
industri,2
talk,2
majalengka,2
barat,2
begini,2
daya,2
pandemi,2
naik,2
rumah,2
sekarang,2
sukses,2
nasional,2
ilmu,2
tahu,2
ide,2
wawancara,2
langkah,2
kosmetik,2
buka,2
e,2
commerce,2
up,2
ikios,2
indomaret,2
bayar,2
review,2
nyobain,2
laptop,2
rp,2
juta,2
hp,2
tata,2
pt,2
mesin,2
tailwind,2
css,2
dual,2
julo,2
corel,2
draw,2
standing,2
branding,2
makaroni,2
logo,2
jasa,2
canva,2
kue,2
kerangka,1
ideal,1
bctalk,1
segunda,1
revolu,1
o,1
parte,1
paham,1
komponen,1
extreme,1
fakta,1
bonus,1
ebook,1
prediksi,1
tahun,1
minutes,1
learn,1
beda,1
spesialisasi,1
jenisjenisnys,1
fundamental,1
customer,1
journey,1
fun,1
sih,1
jago,1
skill,1
revou,1
virtual,1
open,1
house,1
andal,1
ungkap,1
suka,1
duka,1
tantang,1
that,1
work,1
dasar,1
pebisnis,1
coach,1
hendra,1
hilman,1
course,1
part,1
content,1
team,1
recorded,1
warung,1
ramai,1
bener,1
perhati,1
ni,1
harisenin,1
expertclass,1
practical,1
session,1
guide,1
tom,1
mc,1
ifle,1
skills,1
you,1
should,1
master,1
roadmaps,1
caraprofesional,1
jawab,1
tanya,1
interview,1
tim,1
overview,1
as,1
dunia,1
small,1
top,1
tricks,1
useful,1
grow,1
your,1
agency,1
wfh,1
does,1
actually,1
good,1
career,1
salary,1
pilih,1
seventools,1
lasi,1
total,1
omah,1
tawon,1
desa,1
briket,1
fiki,1
maideja,1
lapang,1
solok,1
radjo,1
tematik,1
genjot,1
christin,1
djuarto,1
endgame,1
se,1
solusi,1
anti,1
bangkrut,1
manajemen,1
mutu,1
kendali,1
statistik,1
audit,1
sertifikasi,1
halal,1
festival,1
mubarok,1
enak,1
cilacap,1
jobdesc,1
operator,1
assurance,1
qa,1
lengkap,1
tunjang,1
fintech,1
dukung,1
ancam,1
resesi,1
tani,1
mnj,1
kupas,1
tuntas,1
sidoarjo,1
me,1
time,1
amik,1
podcast,1
reborn,1
bangkit,1
kelola,1
uang,1
praktis,1
konstruksi,1
soenergy,1
wika,1
racik,1
resep,1
keluarga,1
gelar,1
sobat,1
baksos,1
gubernur,1
sop,1
kalsul,1
inspiring,1
skk,1
migas,1
produktif,1
masa,1
gebuk,1
eps,1
onboarding,1
lalu,1
langsung,1
perintah,1
tahan,1
new,1
normal,1
sama,1
bela,1
sovereignty,1
economics,1
wujud,1
laku,1
melek,1
temu,1
kewirausahaan,1
asas,1
prinsip,1
tuju,1
mikro,1
sekolah,1
rasa,1
produksi,1
gaet,1
proyek,1
animasi,1
luar,1
negeri,1
tolak,1
tawar,1
kemenag,1
minyak,1
goreng,1
kelapa,1
depok,1
mahal,1
reseller,1
frozen,1
dalem,1
pabrik,1
ardena,1
food,1
pinjam,1
lpei,1
packing,1
orders,1
ala,1
kala,1
shorts,1
antar,1
perspektif,1
peran,1
kowan,1
pkm,1
rvm,1
pastry,1
and,1
bakery,1
kang,1
aziz,1
tular,1
kampung,1
coklat,1
blitar,1
kandidat,1
fresh,1
graduate,1
urgensi,1
evaluasi,1
excellence,1
forbis,1
sociopreneur,1
fasilitas,1
rpa,1
penuh,1
besar,1
koinworks,1
masterclass,1
efektif,1
ekspansi,1
awareness,1
sni,1
iso,1
damping,1
non,1
pangan,1
kapasitas,1
ekonomi,1
umkmklaster,1
robusta,1
jangkat,1
rangin,1
diskusi,1
reboan,1
butuh,1
pasca,1
ppkm,1
jogja,1
tetulung,1
materi,1
golong,1
b,1
warunk,1
upnormal,1
geprek,1
bensu,1
jco,1
cabang,1
sana,1
sini,1
satu,1
sim,1
pey,1
ecenem,1
store,1
wawan,1
silpi,1
tri,1
kusumadewi,1
h,1
literasi,1
level,1
pucanganom,1
seller,1
nasabah,1
bank,1
mandiri,1
soal,1
super,1
atm,1
card,1
kad,1
debit,1
lensa,1
manual,1
kamera,1
mirrorless,1
artisan,1
tokocamzone,1
worth,1
asus,1
ema,1
bvfhd,1
rekomendasi,1
bingung,1
veneer,1
gigi,1
buyorbye,1
ngerti,1
airpods,1
kw,1
populer,1
silicone,1
seam,1
sealer,1
rapi,1
mountain,1
bekas,1
ribu,1
unit,1
dni,1
acne,1
google,1
pagespeed,1
insight,1
performa,1
website,1
goodglasses,1
emily,1
usb,1
blender,1
cod,1
transaksi,1
printer,1
thermal,1
kassen,1
dt,1
cash,1
informasi,1
tanihub,1
php,1
database,1
mysql,1
lifree,1
pad,1
hemat,1
popok,1
dewasa,1
tiny,1
uji,1
rapid,1
test,1
hiv,1
pakar,1
biomedika,1
tiket,1
kereta,1
api,1
i,1
kios,1
indomart,1
klikindomaret,1
best,1
pod,1
flavour,1
ursa,1
nano,1
kit,1
lost,1
vape,1
unboxing,1
transfer,1
copywriting,1
hebat,1
module,1
kuncie,1
pesan,1
realme,1
login,1
registrasi,1
codeigniter,1
library,1
myth,1
auth,1
imeinya,1
ilegal,1
bakal,1
blokir,1
topup,1
dompet,1
cepat,1
kredit,1
plan,1
game,1
app,1
developer,1
cuci,1
sharp,1
front,1
loading,1
voltmeter,1
pasang,1
setting,1
jam,1
nya,1
cocok,1
semua,1
motor,1
crom,1
cek,1
kartu,1
halo,1
jadwal,1
tagih,1
telkomsel,1
eprocurement,1
ecatalog,1
vendor,1
management,1
system,1
jmtm,1
baso,1
aci,1
kini,1
pixelab,1
mockup,1
android,1
pixellab,1
keren,1
aja,1
ga,1
cukup,1
dodi,1
zulkifli,1
pisang,1
download,1
psd,1
banget,1
jahe,1
medan,1
kembang,1
gudeg,1
kaleng,1
jus,1
jeruk,1
dapet,1
client,1
nih,1
ngedesain,1
utk,1
abon,1
bal,1
grafis,1
cimol,1
rani,1
anggraini,1
ukkmultimediasmaknam,1
smknsukoharjo,1
trending,1
provinsi,1
sumatera,1
selatan,1
boesku,1
edukasi,1
tambah,1
tarik,1
simple,1
cireng,1
isi,1
design,1
workshop,1
bimtek,1
ijin,1
md,1
bpom,1
oku,1
timur,1
balatkop,1
sumsel,1
presentasi,1
pra,1
upm,1
universitas,1
indraprasra,1
pgri,1
mata,1
kuliah,1
dkv,1
box,1
stiker,1
minum,1
etiket,1
sumbangsih,1
positif,1
sleman,1
tangguh,1
roti,1
template,1
batagor,1
jokam,1
hubung,1
abdi,1
masyarakat,1
pengaruh,1
psikologi,1
konsumen,1
