1,8 IDE JUALAN MAKANAN FROZEN FOOD KEKINIAN || TIPS CARA MENYIMPAN AGAR TAHAN BERBULAN-BULAN (2021),Kuliner|Tutorial
2,TIPS MEMULAI BISNIS FROZEN FOOD (2021),Kuliner|Tutorial
3,Enak &amp; Praktis !!! Bisa Tahan Berminggu - Minggu.. Ide Bisnis Frozen Food Buat Buka Usaha Rumahan. (2021),Kuliner|Tutorial|Review
4,"Bisnis Frozen Food 2022,Untung Bisa Ratusan Juta Perbulan (2021)",Kuliner|Review
5,"FROZEN FOOD MODAL KECIL! OWNERNYA IMUT, OMSETNYA130JUTA PERBULAN (2021)",Kuliner|Review
6,6 IDE JUALAN FROZEN FOOD PALING LARIS MODAL KECIL (2021),Kuliner|Tutorial
7,IDE BISNIS FROZEN FOOD AWET 3 BULAN ANTI BANGKRUT (2021),Kuliner|Tutorial|Review
8,IDE BISNIS FROZEN FOOD !! HEKENG PALING PREMIUM ALA WAIS ALQORNI Û?ü DIJAMIN LARIS MANIS (2021),Kuliner|Tutorial
9,YANG SIMPEL LAGI EKONOMIS!! IDE BISNIS FROZEN FOOD. WAJIH DINCOBA! JUAL SERIBUAN AJA !! AUTO LARISSS (2021),Kuliner|Tutorial
10,IDE BISNIS ANTI BANGKRUT DARI TAHU PUTIH BISA TAHAN 3 BULAN (2021),Kuliner|Tutorial|Review
11,Tahan 2 Bulan ! Kreasi Baru Cari Duit.. Ide Bisnis Jualan Frozen Food Buat Buka Usaha Rumahan (2021),Kuliner|Tutorial
12,IDE USAHA Ikan Siap Goreng Vacuum Frozen (2021),Kuliner|Tutorial
13,MINYAK MAHAL GAK NGARUH KE OMSETKU!! JUALAN FROZEN FOOD INI UNTUNGNYA GEDE BANGET | IDE BISNIS LARIS (2021),Kuliner|Tutorial|Review
14,Ide bisnis frozen food ekonomis modal 20K jual 70K bisnis (2021),Kuliner|Tutorial|Review
15,7 KREASI UNIK KULIT LUMPIA || IDE BISNIS FROZEN FOOD AWET TAHAN LAMA (2021),Kuliner|Tutorial|Review
16,PISCOK | PISANG COKLAT LUMER FROZEN | IDE BISNIS FROZEN FOOD (2021),Kuliner|Tutorial
17,Rahasia Jualan Steak Viral 10ribuan murah | Ide Usaha Jualan Frozen Food The Series ep 2 (2021),Kuliner|Tutorial
18,MODAL +40RB OMSET +370% HANYA BUAT CILOK INSTAN / BAKSO ACI FROZEN - IDE BISNIS KEKINIAN (2021),Kuliner|Tutorial|Review
19,USAHA PEMPEK FROZEN | IDE BISNIS FROZEN FOOD (2021),Kuliner|Tutorial
20,PIZZA FROZEN | IDE BISNIS FROZEN FOOD (2021),Kuliner|Tutorial
21,CARA BISNIS FROZEN FOOD RUMAHAN - IDE BISNIS MODAL KECIL 2021- TIPS DAGANG FROZEN FOOD (2021),Kuliner|Tutorial
22,OLAH PISANG DAN SUSU JADI IDE BISNIS MENGUNTUNGKAN || FROZEN FOOD TERBARU (2021),Kuliner
23,RESEP CHICKEN KARAAGE - IDE BISNIS FROZEN FOOD (2021),Kuliner|Tutorial
24,DIMSUM AYAM | IDE BISNIS FROZEN FOOD (2021),Kuliner|Tutorial
25,IDE BISNIS FROZEN FOOD MODAL DIKIT UNTUNG BANYAK (2021),Kuliner|Tutorial
26,Ide bisnis frozen food Somie | gak perlu punya lapak cukup titip di agen sosis beres (2021),Kuliner|Tutorial
27,IDE BISNIS FROZEN FOOD # 4: CHICKEN CORDON BLEU (2021),Kuliner|Tutorial
28,Ide Jualan KEKINIAN BRULEE BOMB Û¢ Mudah dan Enak! Bisa untuk Frozen Food?Ù÷ä (2021),Kuliner|Tutorial
29,RESELLER FROZEN FOOD MODAL FOTO | IDE USAHA SAMPINGAN (2021),Kuliner|Tutorial
30,PISANG NUGGET CHRISPY | IDE BISNIS FROZEN FOOD (2021),Kuliner|Tutorial
31,Nugget pisang crispy takaran sendok||IDE BISNIS FROZEN FOOD (2021),Kuliner|Tutorial
32,Gampang Bikin DONAT FROZEN | IDE BISNIS FROZEN FOOD #NutriPreneur (2021),Kuliner|Tutorial
33,IDE BISNIS DIMSUM AYAM FROZEN !!! JUALAN INI SELALI DISERBU ANAK MILENIAL ! INTIP RAHASIANYA !! (2021),Kuliner|Tutorial|Review
34,LEBIH ENAK DARI KENTUCKYÛ?üBISA DI JADIIN IDE BISNIS FROZEN FOOD (2021),Kuliner|Tutorial
35,"TAHAN SAMPE 1 BULAN, IDE BISNIS FROZEN FOOD, IDE JAJANAN UNIK KEKINIAN (2021)",Kuliner|Tutorial
36,IDE USAHA Frozen FoodÛ?Semenjak Tau Resep ini Jualan Jadi Makin Laris (2021),Kuliner|Tutorial|Review
37,IDE BISNIS FROZEN FOOD. RESEP AYAM UNGKEP SPICY RASA MIRIP BANGET DENGAN FIESTA ?ÙÓ?ÙÒ?ÙÓ´ (2021),Kuliner|Tutorial|Review
38,IDE BISNIS FROZEN FOOD # 3: CHICKEN DRUM STICK (2021),Kuliner|Tutorial
39,IDE BISNIS FROZEN FOOD UNIQUE FROZEN RISOLES (2021),Kuliner|Tutorial
40,"IDE BISNIS FROZEN FOOD,CIRENG KATSU,BAKAL LAKU BANGET NIH (2021)",Kuliner|Tutorial
41,Tahan 2 Bulan ! Kreasi Baru Cari Duit.. Ide Bisnis Jualan Frozen Food Buat Buka Usaha Rumahan (2021),Kuliner|Tutorial|Review
42,MODAL 8000 RUPIAH BISA BUAT CEMILAN ENAK INI || IDE BISNIS FROZEN FOOD TAHAN LAMA DALAM FREEZER (2021),Kuliner|Tutorial|Review
43,"COBALAH MASAK TELUR SEPERTI INI UNIK&amp;ENAK BISA TAHAN SAMPAI 1 BULAN, IDE BISNIS FROZEN FOOD KEKINIAN (2021)",Kuliner|Tutorial|Review
44,Ide Bisnis Frozen Food (2021),Kuliner|Tutorial
45,SINGKONG MEREKAH FROZEN | IDE BISNIS FROZEN FOOD (2021),Kuliner|Tutorial
46,IDE BISNIS FROZEN FOOD Û? (2021),Kuliner|Tutorial
47,ide bisnis frozen food rumahan - ide bisnis modal kecil untung selangit (2021),Kuliner|Tutorial|Review
48,Jualan Kebab Frozen | Anti Ribet | Jualan Frozen Food The Series ep 6 (2021),Kuliner
49,resep ekado ayam || ekado ala HokBen || ide usaha Frozen food (2021),Kuliner|Tutorial
50,Cara Membuat Nugget Tempe | Ide Bisnis Frozen Food Homemade (2021),Kuliner|Tutorial
51,REKOMENDASI SUPPLIER TANGAN PERTAMA HOME DECOR ATAU PERABOT RUMAH TANGGA LANGSUNG DARI PABRIKNYA (2021),Homecare|Ecommerce
52,REKOMENDASI 6 SUPPLIER PERALATAN DAPUR SUPER MURAH DAN LENGKAP HARGA MULAI 500 PERAK DOANG (2021),Homecare|Ecommerce
53,5 REKOMENDASI SUPPLIER TANGAN PERTAMA PERABOTAN RUMAH TANGGA TERMURAH DAN TERBESAR DI SHOPEE (2021),Homecare|Ecommerce
54,Supplier alat / perabot rumah tangga di Kota Tangerang (2021),Homecare|Ecommerce
55,Rekomendasi Supplier perabot rumah tangga langsung dari konveksinya.!! (2021),Homecare|Ecommerce
56,PT. INDOTOP BERKAH ABADI // Import Barang Resmi ( Distributor Perlengkapan Rumah tangga ) part 2 (2021),Homecare
57,REKOMENDASI SUPPLIER TANGAN PERTAMA HOME DECOR ATAU PERABOT RUMAH TANGGA LANGSUNG DARI PABRIKNYA..!! (2021),Homecare|Ecommerce
58,Rekomendasi Supplier Tangan Pertama Home Decor | Perabotan Rumah Tangga Murah Untuk Dropship (2021),Homecare|Ecommerce
59,IDE BISNIS IMPORT PERALATAN DAPUR BELI GROSIR DI 1688.COM (2021),Homecare
60,"IMPORTIR, DISTRIBUTOR, Produsen Peralatan Rumah Tangga - Bongkaran Produk Dispenser Beras (2021)",Homecare
61,KUNCI SUKSES JUAL GROSIR PERABOTAN DAN PERALATAN RUMAH TANGGA OMSET 2 MILIAR SEBULAN (2021),Homecare|Ecommerce
62,INFO SUPPLIER PERABOT RUMAH TANGGA | OMSET SEBULAN MILYARAN | JUAL PRODUK RUMAH TANGGA DI SHOPEE (2021),Homecare|Ecommerce
63,REKOMENDASI SUPPLIER PERABOT RUMAH TANGGA LANGSUNG DARI PABRIKNYA (2021),Homecare|Ecommerce
64,Supplier Peralatan Rumah Tangga Termurah dan Terbesar di Shopee (2021),Homecare|Ecommerce
65,REKOMENDASI 5 SUPPLIER HOME DECOR / PERABOT RUMAH TANGGA PALING MURAH HARGA MULAI 500 RUPIAH DOANG (2021),Homecare|Ecommerce
66,Pusat grosiran prabotan rumah tangga (2021),Homecare
67,GROSIR PERALATAN RUMAH TANGGA IMPOR MURMER (2021),Homecare
68,PT. INDOTOP BERKAH ABADI // Import Barang Resmi ( Distributor Perlengkapan Rumah tangga ) (2021),Homecare
69,GROSIR PERABOTAN TERBESAR DAN TERMURAH dan bisa eceran (2021),Homecare
70,Grosir Alat Alat Rumah tangga (2021),Homecare
71,Belanja barang Perabot Gocengan di lokasi agen (2021),Homecare
72,Perabotan Rumah Tangga Serbaguna Super Lengkap &amp; Murah || Bisa Beli Online (2021),Homecare|Ecommerce
73,TIDAK DISANGKA DISINI TEMPATNYA PERABOTAN RUMAH TANGGA MURAH DAN LENGKAP (2021),Homecare
74,PERABOTAN RUMAH TANGGA LENGKAP DAN MURAH (2021),Homecare
75,?ÙÓ«RB Elektronik : SUPPLIER TANGAN PERTAMA ALAT ELEKTRONIK RUMAH TANGGA TERIMA RESI OTOMATIS (2021),Homecare|Ecommerce
76,PUSAT GROSIR PERABOTAN RUMAH TANGGA || JEMBATAN LIMA JAKARTA BARAT (2021),Homecare
77,REKOMENDASI 11 TOKO PERALATAN RUMAH TANGGA TERMURAH DI SHOPEE (2021),Homecare
78,Toko Alat Perabotan Rumah Tangga Lengkap Di Cirebon (2021),Homecare
79,Suplayer alat dapur untuk distributos di indonesia menjual ecer harga grosir &amp; grosir harga pabrik (2021),Homecare|Ecommerce
80,Supplier alat RUMAH TANGGA #DAPUR #SUPPLIER (2021),Homecare|Ecommerce
81,BELI PERABOT PLASTIK DI UD. SIDO MUMBUL SURABAYA ASLI LENGKAP DAN MURMER | INANA (2021),Homecare
82,LIVE GUDANG AHPS PUSAT GROSIR YANG MAU JADI RESELER SILAKAN (2021),Homecare
83,PABRIK PLASTIK[Peluang usaha alat rumah tangga] (2021),Homecare
84,PELUANG BISNIS | GROSIRAN PRABOT RUMAH TANGGA MAKASSAR | HARGA MURAH (2021),Homecare
85,PALINGCOCOK WA0813-2566-9656 DISTRIBUTOR peralatan rumah tangga portable Limbangan Selima Elektronik (2021),Homecare
86,BELANJA PERABOTAN RUMAH TANGGA LENGKAP DAN MURAH DI TOKO AGUNG (2021),Homecare
87,TOKO HOUSEWARE LENGKAP &amp; MURAH di MEDAN || Rekomendasi untuk Ibu Rumah Tangga (2021),Homecare
88,SURGA PERABOT TERLENGKAP DI JAKARTA! AUTO BETAH ~ KJ PERABOT (2021),Homecare
89,"PUSAT PERALATAN DAPUR HARGA PABRIK, DIJAMIN MURAAHH !! KEDAUNG GROUP SURABAYA (2021)",Homecare
90,Rekomendasi Supplier Langsung dari Pabrik 2021 | Untuk Jualan di Tokopedi Shopee Bukalapak (2021),Homecare|Ecommerce
91,3 Rekomendasi Supplier Tangan Pertama Untuk Dropship (2021),Homecare|Ecommerce
92,Grosir Alat Rumah Tangga Pati Dikirim dari Sragen (2021),Homecare
93,SHOPEE HAUL PERALATAN RUMAH TANGGA | HARGA MULAI DARI 2 RIBUAN ?Ù÷ (2021),Homecare
94,REKOMENDASI PERALATAN RUMAH TANGGA MURAH DI SHOPEE | peralatan dapur shopeehaul (2021),Homecare
95,Mau Jadi Mitra Ubber jd UKM reseller alat Dapur dll harga pabrik tanpa modal (2021),Homecare
96,Rutinitas buka toko peralatan rumah tangga senyum 5000 (2021),Homecare
97,SHOPEE HAUL PERALATAN DAPUR Eps.3 || Unboxing dan Review Peralatan Rumah Tangga (2021),Homecare|Review
98,Proses Pengiriman Orderan Grosir Alat Rumah Tangga Tirta Style (2021),Homecare
99,Distributor Alat Rumah Tangga Solo - Dispay Barang Kursi Plastik Pendek (2021),Homecare
100,Supplier Terlengkap Prabot Dapur Hotel dan Restaurant !! (2021),Homecare|Ecommerce
101,REVIEW MASKER NON MEDIS SUPER MURAH DARI CHINA (2021),Healthcare|Review
102,CARA IMPORT BARANG DARI CHINA.!! LANGSUNG DARI SEMUA GUDANG DI CHINA.!! IMPORT PRODUK CHINA LANGSUNG (2021),Kuliner|Homecare|Healthcare|Tutorial
103,IMPOR Barang dari china langsung praktek tanpa teori (2021),Kuliner|Homecare|Healthcare|Tutorial
104,Pengalaman Pribadi Belanja Impor China Tanpa Ikut Kelas Seminar Berbayar (2021),Kuliner|Homecare|Healthcare|Tutorial|Review
105,Jangan Beli Barang Ini Dari China | Cara Impor Bagi Pemula (2021),Kuliner|Homecare|Healthcare|Tutorial
106,Masker skuba import cina (2021),Healthcare|Review
107,PRODUK RECEH YANG MEMILIKI POTENSI CUAN BESAR | REKOMENDASI PRODUK | IMPORTIR.ORG (2021),Healthcare|Review
108,TIPS SEBELUM IMPORT BARANG DARI CHINA - BARANG MURAH DI 1688 (2021),Kuliner|Homecare|Healthcare|Tutorial
109,CARA IMPORT BARANG DARI CHINA KE INDONESIA UNTUK PEMULA DIJAMIN AUTO BISA IMPORT ! (2021),Kuliner|Homecare|Healthcare|Tutorial
110,Bahan kain Gulungan untuk Masker import dari China (2021),Healthcare|Review
111,"CARA IMPORT BARANG DARI CHINA - VIA ALIBABA DAN 1688 TERMURAH,BISA BERSAING DENGAN SELLER SENIOR (2021)",Kuliner|Homecare|Healthcare|Tutorial
112,Review masker import cina vs lokal Ala bocah Noob (2021),Healthcare|Review
113,Riview Natural SKINCARE mask || masker bikin wajah glowing | Novah Safitri (2021),Healthcare|Review
114,Masker Rorec bahaya?! Nyoba 3 kali! Wajib tau hasil dan info terbaru! (2021),Healthcare|Review
115,Masker 3M import dari cina (2021),Healthcare|Review
116,SF PRODUCTs ( Super essence mask ) masker import dari China by Nana (2021),Healthcare|Review
117,PRAKTEKNYA SULIT BANGET - Peluang Bisnis import cara menjadi importir barang dari cina untuk pemula (2021),Healthcare|Tutorial
118,Unboxing Kiriman Masker Langsung Dari China (2021),Healthcare|Review
119,TERCIDUK POLISI PABRIK MASKER ORGANIK ILEGAL! 10 MERK INI HARUS KALIAN HINDARI!? (2021),Healthcare|Tutorial|Review
120,Unboxing Pungo MASKER Dari China (2021),Healthcare|Review
121,Review Masker Beckoning import (2021),Healthcare|Review
122,MASKER KN95 IMPOR DARI CHINA (PO 20 HARIAN) | BAGUS GAK SI? (2021),Healthcare|Review
123,IMPORT MASKER KONSULTAN EKSPOR IMPOR (2021),Healthcare|Tutorial
124,Masker china 3ply anti air dan tidak tembus api (2021),Healthcare|Review
125,Produksi Masker Massal Dari China | Mesin Pembuat Masker Otomatis (2021),Healthcare|Tutorial|Review
126,Unboxing masker corona virus virus dari china (2021),Healthcare|Review
127,Peranggg Masker Import &amp; Masker Lokal (2021),Healthcare|Review
128,Review masker kain import premium (2021),Healthcare|Review
129,masker beneran full face nih Produk unik #SHORTS #tiktok #unik #gadgets #china (2021),Healthcare|Review
130,Masker import....murah boskuuu?Ù÷?Ù÷?Ù÷Û?Ù÷Û?Ù÷Û (2021),Healthcare|Review
131,Masker import high grade (2021),Healthcare|Review
132,"MASKER TRIPLAY, HARGA MURAH, IMASKE, CINA &amp;TP SURGICAL MASK (2021)",Healthcare|Review
133,Jasa Import Alat Kesehatan Masker | Forwarder Import (2021),Healthcare|Tutorial
134,"TIPS LARIS JUALAN DI GOFOOD, GRABFOOD, SHOPEEFOOD - CARA DAGANG MAKANAN ONLINE - BISNIS KULINER (2021)",Kuliner|Tutorial|Ecommerce|Marketing
135,Cara Memasarkan Produk Makanan - 10 Strategi Bisnis Kuliner! (2021),Kuliner|Tutorial|Marketing
136,[Foodizz Class] Strategi Membuat Brand Kuliner Cepat Terkenal - Stefanie Kurniadi (2021),Kuliner|Tutorial|Marketing
137,STRATEGI MARKETING UTK BISNIS CEMILAN (2021),Kuliner|Tutorial|Marketing
138,CARA SUKSES 4 LANGKAH JUALAN ONLINE BANJIR ORDERAN DI MARKETPLACE (2021),Tutorial|Ecommerce|Marketing
139,CARA DAFTAR MERCHANT SHOPEE FOOD ONLINE LEWAT HP - PERSYARATAN JUALAN DI SHOPEEFOOD (2021),Kuliner|Tutorial|Ecommerce
140,CARA JUALAN DI INSTAGRAM - Bisnis Bareng Keke #6 (2021),Kuliner|Tutorial|Ecommerce|Marketing
141,"MAU PRODUK KERIPIKMU MASUK RATUSAN SWALAYAN? MUDAH KOK, BEGINI CARANYA! (2021)",Kuliner|Tutorial|Marketing
142,Strategi Digital Marketing Untuk Bikin Warung Ramai! (2021),Kuliner|Tutorial|Ecommerce|Marketing
143,APLIKASI HP UNTUK Foto Produk Katalog | PHOTOROOM-PICSART (2021),Tutorial|Review
144,TIPS BISNIS KULINER PEMULA - CARA DAFTAR GOFOOD TANPA NPWP LEWAT HP (2021),Kuliner|Tutorial|Ecommerce|Marketing
145,CARA JUALAN DI SHOPEE TERLENGKAP 2021 | CARA MEMBUAT TOKO DI SHOPEE PAKAI HP PALING LENGKAP TERMUDAH (2021),Tutorial|Ecommerce
146,Website Pemesanan Makanan Menggunakan Bootstrap 4 dan PHP #Part 1 - Free Source Code (2021),Tutorial|Ecommerce
147,JUALAN DI SHOPEE UNTUK PEMULA | Tips Dapetin Orderan Pertama (2021),Tutorial|Ecommerce
148,4 TIPS MEMULAI BISNIS ONLINE |MODAL 300K UNTUNG 20JT (2021),Tutorial|Ecommerce|Marketing
149,50 IDE JUALAN ONLINE E-COMMERCE TERLARIS DAN CARA MEMULAI TOKO PERTAMA (2021),Tutorial|Ecommerce
150,Ini Caranya Mulai Bisnis Online di Amerika Dari Indonesia | Jual Online Dibayar Dollar | Amazon FBA (2021),Tutorial|Ecommerce|Marketing
151,Ide Jualan 2021 di Marketplace Yang Bikin Untung ! Gue bocorin cara mainnya.... (2021),Tutorial|Marketing
152,TIPS FOTO PRODUK MENGGUNAKAN HP DENGAN PERALATAN SEADAANYA (2021),Tutorial
153,IDE BISNIS MODAL KECIL|SEBLAK INSTAN UNTUNG BESAR #dirumahaja (2021),Kuliner|Tutorial
154,cara buat iklan video Promosi Produk Cinematic pakai HP - BTS iklan B Roll (2021),Tutorial
155,Menentukan Model Bisnis | NESCAFÌä KICKSTART (2021),Tutorial
156,CARA EDIT FOTO KATALOG OLSHOP AGAR LEBIH MENARIK #1..PAKAI PIXELLAB (2021),Tutorial|Ecommerce
157,"BISNIS FRANCHISE VS BISNIS SENDIRI, MANA YANG LEBIH BAIK? (BISNIS 2022) (2021)",Tutorial|Review
158,PRESENTASI BUSINESS PLAN || TUGAS KEWIRAUSAHAAN (2021),Tutorial
159,Cara Menarik Konsumen Lewat Warna (2021),Tutorial|Marketing
160,Membuat Website Kuliner Dengan HTML dan CSS (2021),Kuliner|Tutorial
161,4 CARA MENENTUKAN HARGA JUAL UNTUK MENAIKKAN OMSET (2021),Tutorial
162,Tutorial CANVA VIDEO untuk promo produk olshop (2021),Tutorial|Marketing
163,STRATEGI DIGITAL MARKETING 2021 (LEBIH EXTREME DARI SEBELUMNYA) (2021),Tutorial|Marketing
164,SEBLAK ZAMAN BAHEULA !!! DI KEMAS DENGAN CARA KEKINIAN BIKIN BANJIR ORDERAN !!! OMSET BISA JUTAAN ! (2021),Kuliner|Tutorial|Ecommerce
165,"MEMBANGUN BISNIS MAKANAN KEMASAN, APA STRATEGINYA? (2021)",Kuliner|Tutorial|Ecommerce|Marketing
166,4 CARA MEMBESARKAN BISNIS ANDA DENGAN CEPAT ! (2021),Tutorial|Marketing
167,Membuat Toko Online Sederhana Dengan HTML Dan CSS (2021),Tutorial
168,5 Tahap Memulai Bisnis Kecil Dari Nol (2021),Tutorial
169,Kerangka Ideal Belajar Digital Marketing Untuk Pemula (2021),Tutorial|Ecommerce|Marketing
170,3 Ide Bisnis Pemula yang HARUS di coba tahun 2022 (2021),Tutorial|Marketing
171,Ini Cara Saya Dapat 1 Milyar Pertama Jualan di Tiktok Dalam 1 Bulan (2021),Tutorial|Ecommerce
172,"Selain dari Korea, Ide Bisnis Kuliner Luar Negeri yang Sedang Digandrungi Anak Muda (2021)",Kuliner|Tutorial
173,"PELUANG BISNIS SNACK DENGAN MODAL Rp.50.000,- (2021)",Kuliner|Tutorial
174,"7 Hal dalam Jual Beli Makanan, sebelum Memulai Usaha Makanan dari Nol menjadi Pengusaha Bakso (2021)",Kuliner|Tutorial|Marketing
175,2 CARA MEMBUAT PESAN OTOMATIS DI WHATSAPP - TERBARU 2020?ÙÓ´ (2021),Tutorial
176,APLIKASI REKAP PENJUALAN TOKO ATAU WARUNG MENGGUNAKAN EXCEL - PART 1 (REVIEW APLIKASI) (2021),Kuliner|Tutorial|Review
177,Cara Menghitung Harga Jual di Shopee | Tips Menentukan Profit atau Laba Penjualan (2021),Tutorial|Ecommerce
178,Cara packing barang Online shop rapi aman dan cepet menggunakan kardus bekas (2021),Tutorial|Ecommerce
179,"OMZET MELEJIT 3 KALI LIPAT, BISNIS JAMU PILIHAN ENTREPRENEUR TAK LEKANG WAKTU (2021)",Kuliner|Tutorial
180,Menyusun Perencanaan Usaha Modifikasi Makanan Khas Daerah menggunakan BMC (Business Model Canvas) (2021),Kuliner|Tutorial
181,STARTING MY OWN BUSINESS #2 : LAPORAN KEUANGAN OLSHOP PEMULA | GIVEAWAY 1K SUBSCRIBER | INDONESIA (2021),Tutorial|Ecommerce
182,Menguasai FIGMA untuk Pemula + Bikin UI Desain Food Delivery (2021),Kuliner|Tutorial
183,Cara Bangun Bisnis dari Nol - Mulai Dari Sini (2021),Tutorial
184,CARA MENCARI SUPPLIER TANGAN PERTAMA (2021),Kuliner|Homecare|Healthcare|Tutorial|Ecommerce
185,Cara Mencari Supplier Tangan Pertama,Kuliner|Homecare|Healthcare|Tutorial|Ecommerce
186,Wajib Buat DropshipÛ?ü Cara Mencari Supplier Termurah &amp; Resi Otomatis (2021),Kuliner|Homecare|Healthcare|Tutorial|Ecommerce
187,CARA JITU MENCARI SUPPLIER MURAH UNTUK DIJUAL LAGI BAGI ONLINE SHOP PEMULA?ÙÓ´ (2021),Kuliner|Homecare|Healthcare|Tutorial|Ecommerce
188,CARA MENCARI SUPPLIER UNTUK PRODUK EKSPOR | ENTREPRENEUR VLOG (2021),Kuliner|Homecare|Healthcare|Tutorial|Ecommerce
189,Cara Mencari Suplier Tangan Pertama Di Shopee 2021 - Bisnis Modal Kecil Untung Besar - Ide Usaha (2021),Kuliner|Homecare|Healthcare|Tutorial|Ecommerce
190,Cara mencari supplier pertama semua produk se-indonesia (Q&amp;A) (2021),Kuliner|Homecare|Healthcare|Tutorial|Ecommerce
191,CARA MENCARI SUPLIER UNTUK EKSPOR | LIVE STREAMING SERIES (2021),Kuliner|Homecare|Healthcare|Tutorial|Ecommerce
192,Cara Mencari Supplier Tangan Pertama Untuk Reseller Dropship (2021),Kuliner|Homecare|Healthcare|Tutorial|Ecommerce
193,CARA CARI SUPPLIER TERPERCAYA UNTUK DROPSHIP PEMULA DI SHOPEE - APAKAH SUPPLIER HARUS SATU KOTA ? (2021),Kuliner|Homecare|Healthcare|Tutorial|Ecommerce
194,CARA MENCARI SUPPLIER RESI OTOMATIS &amp; COD BUAT DROPSHIPPER (2021),Kuliner|Homecare|Healthcare|Tutorial|Ecommerce
195,Cara Mencari Supplier Tangan Pertama Di Shopee 2022 - Bisnis Modal Kecil Untung Besar - Ide Usaha (2021),Kuliner|Homecare|Healthcare|Tutorial|Ecommerce
196,Cara Mencari Supplier di Cina &amp; Mendapatkan Harga Termurah | Alibaba vs. Aliexpress | Free Template (2021),Kuliner|Homecare|Healthcare|Tutorial|Ecommerce
197,TERBARU 2021 - Cara Mudah Mencari Supplier di Tokopedia Yang Menerima Resi Otomatis (2021),Kuliner|Homecare|Healthcare|Tutorial|Ecommerce
198,CARA BELANJA KE DISTRIBUTOR/SUPPLIER PERTAMA SUPAYA DILAYANI (2021),Kuliner|Homecare|Healthcare|Tutorial|Ecommerce
199,CARA MENCARI SUPLIER TANGAN PERTAMA (2021),Kuliner|Homecare|Healthcare|Tutorial|Ecommerce
200,CARA MENCARI SUPPLIER PERTAMA SEMUA PRODUK (100% BERHASIL) (2021),Kuliner|Homecare|Healthcare|Tutorial|Ecommerce
201,Cara Mencari Suplier di Shopee untuk dijual lagi (2021),Kuliner|Homecare|Healthcare|Tutorial|Ecommerce
202,CARA CARI SUPLIER PRODUK UNTUK DIJUAL LAGI langsung CUAN (2021),Kuliner|Homecare|Healthcare|Tutorial|Ecommerce
203,CARA MUDAH MENCARI SUPPLIER TERBARU 2022 | Tips Mencari Supplier Di Shopee (2021),Kuliner|Homecare|Healthcare|Tutorial|Ecommerce
204,DROPSHIPPER - CARA MENCARI SUPLIER DENGAN RESI OTOMATIS | DROPSHIP MARKETPLACE | BONG AFFAND (2021),Kuliner|Homecare|Healthcare|Tutorial|Ecommerce
205,CARA MENCARI SUPPLIER TANGAN PERTAMA BAGI DROPSHIPPER PAKAI RESI OTOMATIS DI SHOPEE PALING LENGKAP!! (2021),Kuliner|Homecare|Healthcare|Tutorial|Ecommerce
206,CARA CARI SUPLIER DI SHOPEE UNTUK DROPSHIPER PEMULA | SUPLIER TANGAN PERTAMA DAN MURAH DI SHOPEE (2021),Kuliner|Homecare|Healthcare|Tutorial|Ecommerce
207,Cara Mencari Supplier Untuk Jualan di Shopee (2021),Kuliner|Homecare|Healthcare|Tutorial|Ecommerce
208,Cara Cari supplier murah untuk toko baru offline bukan untuk tokopedia shopee bukalapak atau Lazada (2021),Kuliner|Homecare|Healthcare|Tutorial|Ecommerce
209,Cara Mencari Supplier Terbaik Di 1688 (Reputasi Toko) (2021),Kuliner|Homecare|Healthcare|Tutorial|Ecommerce
210,CARA MENCARI SUPPLIER TANGAN PERTAMA DI SHOPEE MARKERPLACE 2020 Solusi Buat Dropship pemula (2021),Kuliner|Homecare|Healthcare|Tutorial|Ecommerce
211,"Cara alternatif mencari distributor selain di pasar, simak ya! (2021)",Kuliner|Homecare|Healthcare|Tutorial|Ecommerce
212,Seri#25 Bagaimana Cara Mencari Supplier (2021),Kuliner|Homecare|Healthcare|Tutorial|Ecommerce
213,#TanyaEkspor part 08 | BAGAIMANA CARA AGAR SUPPLIER PERCAYA UNTUK KERJA SAMA ? (2021),Kuliner|Homecare|Healthcare|Tutorial|Ecommerce
214,DROPSHIPPER/DROPSHIP MARKETPLACE - CARA MENCARI SUPLIER RESI OTOMATIS (2021),Kuliner|Homecare|Healthcare|Tutorial|Ecommerce
215,CARA MUDAH MENCARI SUPPLIER TANGAN PERTAMA SEMUA PRODUK (2021),Kuliner|Homecare|Healthcare|Tutorial|Ecommerce
216,CARA CARI SUPLIER YANG BENAR - TOKO ALAT LISTRIK PEMULA (2021),Homecare|Tutorial|Ecommerce
217,cara mencari supplier tangan pertama-di aplikasi mokkaya (2021),Kuliner|Homecare|Healthcare|Tutorial|Ecommerce
218,CARA MUDAH MENDAPATKAN SUPPLIER TANGAN PERTAMA (2021),Kuliner|Homecare|Healthcare|Tutorial|Ecommerce
219,CARA MENCARI SUPLIER DI SHOPEE RESI OTOMATIS TANGAN PERTAMA (2021),Kuliner|Homecare|Healthcare|Tutorial|Ecommerce
220,CARA MENCARI DISTRIBUTOR SEMBAKO DAN ROKOK ?ÙÝÔ100% BERHASIL (2021),Homecare|Tutorial|Ecommerce
221,sales distributor sembako - cara mencari no hp sales murah @MOBIL iim (2021),Tutorial|Ecommerce
222,cara mencari supplier di tokopedia terbaru untuk dijadikan dropship dan reseller (2021),Kuliner|Homecare|Healthcare|Tutorial|Ecommerce
223,Cara Belanja di Alibaba Lengkap untuk Pemula PART 1: Mencari Supplier Amanah (2021),Kuliner|Homecare|Healthcare|Tutorial|Ecommerce
224,Cara Mencari Supplier Tangan Pertama Bagi Dropshipper | Supplier Terbaik Online dan Offline (2021),Kuliner|Homecare|Healthcare|Tutorial|Ecommerce
225,Cara Mendapatkan Supplier (Pemasok) pada Toko Bangunan. (2021),Homecare|Tutorial|Ecommerce
226,CARA MENCARI DISTRIBUTOR FROZEN FOOD (2021),Kuliner|Homecare|Healthcare|Tutorial|Ecommerce
227,TERBONGKAR! CARA MENCARI SUPLIER RESI OTOMATIS DROPSHIP MARKETPLACE (2021),Kuliner|Homecare|Healthcare|Tutorial|Ecommerce
228,Cara Mudah Dapat Supplier Resi Otomatis (2021),Kuliner|Homecare|Healthcare|Tutorial|Ecommerce
229,Cara mencari distributor dan sales dari produk yang kita mau jual lagi (2021),Kuliner|Homecare|Healthcare|Tutorial|Ecommerce
230,CARA MEMBUAT SUPPLIER MENCARI KITA (2021),Kuliner|Homecare|Healthcare|Tutorial|Ecommerce
231,TERBARU 2022.CARA RISET SUPPLIER DARI MARKETPLACE.BISA LANGSUNG COPY PRODUK SUPPLIER KE TOKO KALIAN! (2021),Kuliner|Homecare|Healthcare|Tutorial|Ecommerce
232,CARA MENCARI SUPLIER TOKO PLASTIK (2021),Homecare|Tutorial|Ecommerce
233,cara mencari distributor sembako murah / toko grosir sembako @MOBIL iim (2021),Homecare|Tutorial|Ecommerce
234,5 Peluang Bisnis di Bidang Kesehatan. Mulia dan Menjanjikan! (2021),Healthcare|Tutorial
235,Kerja Sama Dunia Alkes (2021),Healthcare
236,MENGAPA MEMILIH USAHA TOKO ALKES ??? | PART 2 (2021),Healthcare|Tutorial
237,Ide Bisnis Kesehatan Rumah Sehat Thohiroh | NiagaTVdotcom (2021),Kuliner|Homecare|Healthcare
238,IDE BISNIS UNIK YANG MASIH JARANG DI INDONESIA (2021),Kuliner|Homecare|Healthcare|Tutorial
239,Sederhana tapi Kok Kita Nggak Kepikiran ya?!! Sampai Puntung Rokok pun Bisa Dimanfaatkan #YtCrash (2021),Homecare|Tutorial
240,BISNIS JASA YANG MENGUNTUNGKAN (2021),Homecare
241,"Strategi marketing bisnis alat terapi kesehatan, memberikan bukti sebelum bertraksaksi (2021)",Homecare|Healthcare
242,Peluang Bisnis Di Bidang Kesehatan Yang Potensial (2021),Healthcare
243,Pundi Pundi Rupiah Selalu Mengalir Dengan Bisnis Ini || IDE BISNIS (2021),Kuliner|Homecare|Healthcare|Tutorial
244,Karir Dokter : Menjadi Pemilik Klinik BPJS - Aprelea Noni (2021),Healthcare
245,REKOMENDASI SUPPLIER TANGAN PERTAMA HOME DECOR ATAU PERABOT RUMAH TANGGA LANGSUNG DARI PABRIKNYA (2021),Homecare
246,10 Ide Usaha Rental Kreatif yang Menguntungkan (2021),Homecare|Tutorial
247,Peluang Bisnis Unik yang Belum Ada di Indonesia ditahun 2021!!! #BisnisTanpaSaingan #Bisnis2021 (2021),Kuliner|Homecare|Healthcare
248,INILAH HAL-HAL YANG DIPERHATIKAN SEBELUM MEMBUKA KLINIK SENDIRI || Buka klinik mandiri (2021),Healthcare|Tutorial
249,7 Peluang Usaha Yang Tidak Ada Matinya (2021),Kuliner|Homecare|Healthcare
250,8 USAHA KREATIF INI JARANG DILIRIK PENGUSAHA (2021),Kuliner|Homecare|Healthcare
251,Prospek Bisnis di Industri Jaga Kesehatan (2021),Healthcare
252,SAINGAN NYA JARANG !! ide usaha yang potensial di tahun 2022 ~ ide usaha di kampung ~ ide usaha (2021),Kuliner|Homecare|Healthcare
253,Money Maker - Segarnya Bisnis Minuman Sehat (2021),Kuliner|Healthcare|Tutorial
254,CARA MEMULAI USAHA TOKO PLASTIK (2021),Homecare|Tutorial
255,CUMA INI ALAT USAHA SNACK - USAHA MODAL KECIL UNTUNG BESAR (2021),Kuliner|Tutorial
256,IDE BISNIS RAMUAN CINTA BY DR. ZAIDUL AKBAR (2021),Kuliner|Homecare|Tutorial|Review
257,ide kreatif || ide usaha modal kecil #alat sederhana #sayapmedan (2021),Homecare
258,IDE PRODUK DI ERA PANDEMIK COVID 19 Peluang Usaha Saat Corona (2021),Kuliner|Homecare|Healthcare
259,"3,5 JUTA PERHARI!! JUALAN INI AWALNYA DIMULAI TANPA MODAL | IDE USAHA MODAL KECIL 2021 (2021)",Kuliner|Tutorial
260,TIPS BISNIS SUKSES : 3 CARA MARKETING AMPUH UNTUK PEBISNIS PEMULA - COACH HENDRA HILMAN (2021),Kuliner|Homecare|Healthcare|Tutorial
261,IDE BISNIS DI TAHUN 2022 | PELUANG BAGI PEMULA (2021),Kuliner|Homecare|Healthcare|Tutorial
262,NITROGEN CAIR BERBAHAYA? CIKI KEBUL | Breakdown Kuliner #3 (2021),Kuliner|Review
263,"PELUANG USAHA UNTUNG MELIMPAH, JUALAN SEPATU DARI SPORT STATION (2021)",Homecare|Tutorial|Ecommerce|Marketing
264,CARI IDE KONTEN POSTINGAN DALAM WAKTU SINGKAT (2021),Tutorial|Ecommerce|Marketing
265,IDE BISNIS 2022 (2021),Kuliner|Homecare|Healthcare
266,Inovasi Terbaik Anak Indonesia di Bidang Kesehatan (2021),Healthcare|Review
267,Untungnya Lumayan membuat sarung bantal .mudah banget#menjahit #konveksi (2021),Homecare|Tutorial
268,Kepoin Bagaimana Tantangan &amp; Strategi Pelaku Usaha Bidang Kesehatan - Treepod Investree Podcast (2021),Healthcare
269,"6 Jenis Ide Bisnis Wirausaha Tak Akan Habis Oleh Zaman, Bisa Ratusan Juta Perbulan (2021)",Kuliner|Homecare|Healthcare|Tutorial
270,[Liputan] BINUS dan Atmajaya Sepakati Kerja Sama Kompetisi Ide Bisnis Kesehatan (2021),Healthcare
271,Ide Bisnis Modal Nipis Di Bulan Puasa (2021),Kuliner|Tutorial
272,Ide Bisnis Murah Meriah Lagi Omzetnya JUARA (2021),Kuliner|Tutorial
273,"Peluang usaha di kampung 2022 yang potensial, saingan minim (2021)",Kuliner|Tutorial
274,DIY Resin Bookmarks | PELUANG USAHA MODAL 15RB-AN bisa untung 100% (2021),Homecare|Tutorial|Review
275,10 Trend yang Bakal Dihadapi Kaum Bisnis di 2022 (2021),Tutorial
276,Ide Bisnis Murah Meriah 3000an Modal Ekonomis Untung Manis (2021),Tutorial|Marketing
277,8 Peluang Bisnis yang Mudah Dikembangkan di Tahun 2022 (2021),Ecommerce|Marketing
278,Ide Bisnis Modal Kecil Buat Nitip Diwarung | Home Industri (2021),Kuliner|Tutorial
279,Lunch Talk: ÛÏBisnis KotorÛ di Tengah Pandemi #2 (2021),Ecommerce|Marketing
280,11 Ide Barang yang Cepat Laku Dijual Online Tahun 2022 (2021),Ecommerce|Marketing
281,10 Peluang Pekerjaan/Usaha yang Perlu Diincar di Tahun 2022-2026 | FSP (2021),Tutorial
282,CERDAS!! CUMA MODAL ALAT DI PUTER.. KENTANG SPIRAL KEKINIAN INI LARIS MANIS | IDE USAHA IDE JUALAN (2021),Kuliner|Tutorial|Marketing|Review
283,JUAL 3 PRODUK INI MARGIN / PROFIT BESAR ! Produk Laris Manis Jualan Online ! (2021),Ecommerce
