JPeZlL4HJfU;Hay semuanya.. Terimaksih sudah menonton video ini, jangan lupa SUBSCRIBE dan klik tombol loncengnya ya.. Agar kalian ...;https://i.ytimg.com/vi/JPeZlL4HJfU/mqdefault.jpg;8 IDE JUALAN MAKANAN FROZEN FOOD KEKINIAN || TIPS CARA MENYIMPAN AGAR TAHAN BERBULAN-BULAN (2021);Kuliner|Tutorial;11/04/2021 19:00:07
HcyeaHxtVpg;Video kali ini tentang tips memulai bisnis frozen food. Tidak sedikit orang yang kini menaruh minat untuk membeli frozen food, ...;https://i.ytimg.com/vi/HcyeaHxtVpg/mqdefault.jpg;TIPS MEMULAI BISNIS FROZEN FOOD (2021);Kuliner|Tutorial;08/12/2020 12:00:11
VMLngvPpuVA;Assalamuallaikum Wr. Wb. Hallo selamat datang di channel AYUKK KULINER. Disini saya akan membagikan resep-resep yang ...,;https://i.ytimg.com/vi/VMLngvPpuVA/mqdefault.jpg;"Enak &amp; Praktis !!! Bisa Tahan Berminggu - Minggu.. Ide Bisnis Frozen Food Buat Buka Usaha Rumahan. (2021)";Kuliner|Tutorial|Review;31/01/2021 19:29:49
KJrRRbu4aBE;tips memulai bisnis Frozen food 2022.frozen food merupakan bisnis yang sangat menjanjikan keuntungan berlipat lipat ganda ...;https://i.ytimg.com/vi/KJrRRbu4aBE/mqdefault.jpg;Bisnis Frozen Food 2022,Untung Bisa Ratusan Juta Perbulan (2021);Kuliner|Review;01/06/2022 18:05:14
reeDm_UdZPY;FROZEN FOOD MODAL KECIL! OWNERNYA MASIH KECIL OMSET 130JUTA PERBULAN ...;https://i.ytimg.com/vi/reeDm_UdZPY/mqdefault.jpg;FROZEN FOOD MODAL KECIL! OWNERNYA IMUT, OMSETNYA130JUTA PERBULAN (2021);Kuliner|Review;18/08/2019 21:01:52
hTS1UAZD4gA;idejualan #jualanfrozenfood #idejualanfrozenfood Ada banyak jenis produk frozen food, Jika kamu masih belum memiliki ...;https://i.ytimg.com/vi/hTS1UAZD4gA/mqdefault.jpg;6 IDE JUALAN FROZEN FOOD PALING LARIS MODAL KECIL (2021);Kuliner|Tutorial;27/11/2021 19:00:32
pfpOPtTXgq8;FROZEN FOOD atau makanan beku ini selalu banyak di minati orang2 karena dengan simpel untuk dikonsumsi setiap hari dan ...;https://i.ytimg.com/vi/pfpOPtTXgq8/mqdefault.jpg;IDE BISNIS FROZEN FOOD AWET 3 BULAN ANTI BANGKRUT (2021);Kuliner|Tutorial|Review;11/07/2019 12:02:08
MEdw7g01kMQ;Assalamualaikum Hay semuanyaaaa apa kabar nih tmn tmn semoga sehat terus yaaa, jasmani dan ruhaninya ?? aamiin ...;https://i.ytimg.com/vi/MEdw7g01kMQ/mqdefault.jpg;IDE BISNIS FROZEN FOOD !! HEKENG PALING PREMIUM ALA WAIS ALQORNI �?�??�?Ǭ�� DIJAMIN LARIS MANIS (2021);Kuliner|Tutorial;20/03/2021 19:00:05
pOq36evP80w;;https://i.ytimg.com/vi/pOq36evP80w/mqdefault.jpg;YANG SIMPEL LAGI EKONOMIS!! IDE BISNIS FROZEN FOOD. WAJIH DINCOBA! JUAL SERIBUAN AJA !! AUTO LARISSS (2021);Kuliner|Tutorial;26/12/2021 19:51:00
vqiDmDHq4II;agus cuguy tahu putih dibikin kreasi baru kita jadikan ide bisnis frozenfood dengan ketahanan 3- 4 bulan dalam prezer jadi ga ...;https://i.ytimg.com/vi/vqiDmDHq4II/mqdefault.jpg;IDE BISNIS ANTI BANGKRUT DARI TAHU PUTIH BISA TAHAN 3 BULAN (2021);Kuliner|Tutorial|Review;24/05/2021 11:00:58
87kxP91nEy4;Assalamuallaikum Wr. Wb. Hallo selamat datang di channel AYUKK KULINER. Disini saya akan membagikan resep-resep yang ...,;https://i.ytimg.com/vi/87kxP91nEy4/mqdefault.jpg;Tahan 2 Bulan ! Kreasi Baru Cari Duit.. Ide Bisnis Jualan Frozen Food Buat Buka Usaha Rumahan (2021);Kuliner|Tutorial;16/12/2020 18:41:31
vKv7Meql1cU;Assalamualaikum, Ikan goreng itu tampak sederhana jika terlihat di piring, Tapi para ibu, tau banget perjuangannya, untuk ...;https://i.ytimg.com/vi/vKv7Meql1cU/mqdefault.jpg;IDE USAHA Ikan Siap Goreng Vacuum Frozen (2021);Kuliner|Tutorial;19/11/2020 20:10:34
igToZbRIz5w;Assalamuallaikum Wr. Wb. Hallo selamat datang di channel AYUKK KULINER. Disini saya @ayukk Kuliner akan membagikan ...,;https://i.ytimg.com/vi/igToZbRIz5w/mqdefault.jpg;MINYAK MAHAL GAK NGARUH KE OMSETKU!! JUALAN FROZEN FOOD INI UNTUNGNYA GEDE BANGET | IDE BISNIS LARIS (2021);Kuliner|Tutorial|Review;31/12/2021 18:37:57
xOJiNBjx8zg;Bisnis yang lagi hits dimasa pandemi frozen food nuget ekonomis dari 1/4 daging ayam jadi 7 pack isi 10 pcs dengan modal ...;https://i.ytimg.com/vi/xOJiNBjx8zg/mqdefault.jpg;Ide bisnis frozen food ekonomis modal 20K jual 70K bisnis (2021);Kuliner|Tutorial|Review;30/01/2022 17:30:19
Hc4pA3ThzeI;7 OLAHAN KULIT LUMPIA Resep 1 Resep 2 Resep 3 Resep 4 Resep 5 Resep 6 Resep 7 Pilih Kualitas Paling Tinggi Pada 3 ...;https://i.ytimg.com/vi/Hc4pA3ThzeI/mqdefault.jpg;7 KREASI UNIK KULIT LUMPIA || IDE BISNIS FROZEN FOOD AWET TAHAN LAMA (2021);Kuliner|Tutorial|Review;02/12/2021 11:00:06
gZCfIZ4RKWU;Piscok ! semua pasti suka cemilan manis berbahan pisang dan coklat ini, kalau biasanya pisang coklat dijual matang kali ini kita ...;https://i.ytimg.com/vi/gZCfIZ4RKWU/mqdefault.jpg;PISCOK | PISANG COKLAT LUMER FROZEN | IDE BISNIS FROZEN FOOD (2021);Kuliner|Tutorial;13/06/2020 17:52:21
BNWITf41mEo;Assalammualaikum apakabar teman teman semua, dah lama ya ga ketemu, mohon maaf lahir batin semua. Maaf kalau ummi ...;https://i.ytimg.com/vi/BNWITf41mEo/mqdefault.jpg;Rahasia Jualan Steak Viral 10ribuan murah | Ide Usaha Jualan Frozen Food The Series ep 2 (2021);Kuliner|Tutorial;21/06/2020 09:41:10
lyf-jOj9igQ;MODAL 40RB OMSET +370% HANYA BUAT CILOK INSTAN - IDE BISNIS KEKINIAN Bahan bahan BOCI bakso aci frozen / cilok ...;https://i.ytimg.com/vi/lyf-jOj9igQ/mqdefault.jpg;MODAL +40RB OMSET +370% HANYA BUAT CILOK INSTAN / BAKSO ACI FROZEN - IDE BISNIS KEKINIAN (2021);Kuliner|Tutorial|Review;22/05/2021 11:00:12
a1M5Pxevk0w;Usaha frozen food sangat menjanjikan, mulai dari daging, sosis, dimsum bahkan makanan tradisional seperti pempek bisa ...;https://i.ytimg.com/vi/a1M5Pxevk0w/mqdefault.jpg;USAHA PEMPEK FROZEN | IDE BISNIS FROZEN FOOD (2021);Kuliner|Tutorial;02/06/2020 07:00:29
2wMpYHWzyms;Usaha pizza frozen bisa dikerjakan dirumah, bahan-bahan yang digunakan untuk memproduksi pizza frozen sangat sederhana ...;https://i.ytimg.com/vi/2wMpYHWzyms/mqdefault.jpg;PIZZA FROZEN | IDE BISNIS FROZEN FOOD (2021);Kuliner|Tutorial;23/08/2020 07:38:45
fjW15D7qSC0;Berikut bagaimana cara menjadi agen/reseller frozen food ala Jepang, saya akan membahas kalian bisa cari supplier di mana, ...;https://i.ytimg.com/vi/fjW15D7qSC0/mqdefault.jpg;CARA BISNIS FROZEN FOOD RUMAHAN - IDE BISNIS MODAL KECIL 2021- TIPS DAGANG FROZEN FOOD (2021);Kuliner|Tutorial;25/03/2021 19:03:45
bFlYQMuo2pM;Assalamualaikum.. Hai semuanya, kali ini aku share resep cemilan simple yang bisa dijadikan ide bisnis frozen food. Aku pakai ...,;https://i.ytimg.com/vi/bFlYQMuo2pM/mqdefault.jpg;OLAH PISANG DAN SUSU JADI IDE BISNIS MENGUNTUNGKAN || FROZEN FOOD TERBARU (2021);Kuliner;19/11/2021 10:45:01
IvAAvwX_MDw;DETAIL RECIPE 500 GR AYAM FILLET ( KALAU BISA PAHA ) 1 JEMPOL JAHE 3 SIUNG BAWANG PUTIH 3 SDM KECAP ASIN ...;https://i.ytimg.com/vi/IvAAvwX_MDw/mqdefault.jpg;RESEP CHICKEN KARAAGE - IDE BISNIS FROZEN FOOD (2021);Kuliner|Tutorial;22/11/2019 15:00:04
UmTZeU2_CHo;Terus dukung chanel ide bisnis dengan cara subscribe, like, share dan coment, aktifkan juga loncengnya agar tidak ketinggalan ...;https://i.ytimg.com/vi/UmTZeU2_CHo/mqdefault.jpg;DIMSUM AYAM | IDE BISNIS FROZEN FOOD (2021);Kuliner|Tutorial;07/07/2020 06:31:28
#NAME?;IDE BISNIS FROZEN FOOD MODAL DIKIT UNTUNG BANYAK Assalammualaikum teman teman Semoga selalu sehat,panjang ...;https://i.ytimg.com/vi/-fFUze6SWyY/mqdefault.jpg;IDE BISNIS FROZEN FOOD MODAL DIKIT UNTUNG BANYAK (2021);Kuliner|Tutorial;23/10/2020 12:20:01
dS4M6tOw4RE;Ide bisnis frozen food Somie peluang bisnis bagi yang ingin punya usaha mandiri,ini merupakan makanan beku tergolong aneka ...;https://i.ytimg.com/vi/dS4M6tOw4RE/mqdefault.jpg;Ide bisnis frozen food Somie | gak perlu punya lapak cukup titip di agen sosis beres (2021);Kuliner|Tutorial;11/11/2019 04:53:03
kAYPxZql0n4;Bahan: 2 buah fillet dada ayam 2 lembar smoke beef 4 lembar keju lembaran 2 sdt mustard garam & lada halus secukupnya ...;https://i.ytimg.com/vi/kAYPxZql0n4/mqdefault.jpg;IDE BISNIS FROZEN FOOD # 4: CHICKEN CORDON BLEU (2021);Kuliner|Tutorial;10/05/2019 08:03:55
dBYRegb8gno;bruleebomb #idejualan #bitterballen Haii smua kali ini sy share cara membuat Brulee Bomb yg lagi kekinian ternyata mirip sm ...;https://i.ytimg.com/vi/dBYRegb8gno/mqdefault.jpg;Ide Jualan KEKINIAN BRULEE BOMB �?�?�� Mudah dan Enak! Bisa untuk Frozen Food?�?���� (2021);Kuliner|Tutorial;09/10/2020 14:54:51
NIwL46nra3g;Terimakasih sudah mampir channel saya Jangan lupa sibscribe supaya tidak ketinggalan info tentang bisnis makanan beku ...;https://i.ytimg.com/vi/NIwL46nra3g/mqdefault.jpg;RESELLER FROZEN FOOD MODAL FOTO | IDE USAHA SAMPINGAN (2021);Kuliner|Tutorial;23/10/2020 21:17:30
YmURNuS3A5k;Resep pisang nugget chrispy gampang banget buatnya, pisang nugget chrispy ini bisa kita jadikan sebagai ide bisnis rumahan ...;https://i.ytimg.com/vi/YmURNuS3A5k/mqdefault.jpg;PISANG NUGGET CHRISPY | IDE BISNIS FROZEN FOOD (2021);Kuliner|Tutorial;15/06/2020 04:42:09
Mwf00IIgkjs;Assalamualaikum temen temen kali ini aku mau bikin nugget pisang crispy,enak dan simple bikin nyaa,bisa jadi ide bisnis jualan ...;https://i.ytimg.com/vi/Mwf00IIgkjs/mqdefault.jpg;Nugget pisang crispy takaran sendok||IDE BISNIS FROZEN FOOD (2021);Kuliner|Tutorial;09/11/2021 17:11:34
3Fmr8-Zh6KY;Resep cara membuat donat beku atau frozen donuts gampang dan berikut cara packingnya. Semoga bisa menjadi ide usaha ...;https://i.ytimg.com/vi/3Fmr8-Zh6KY/mqdefault.jpg;Gampang Bikin DONAT FROZEN | IDE BISNIS FROZEN FOOD #NutriPreneur (2021);Kuliner|Tutorial;25/08/2020 17:44:39
#NAME?;Assalamualaikum Hay Hay Hay semuanyaaaa, IDE bisnis Siomay DIMSUM yg kekinian dateng nihhhh kali ini Dikemas cantik ...;https://i.ytimg.com/vi/-OVSpN2LVI4/mqdefault.jpg;IDE BISNIS DIMSUM AYAM FROZEN !!! JUALAN INI SELALI DISERBU ANAK MILENIAL ! INTIP RAHASIANYA !! (2021);Kuliner|Tutorial|Review;30/03/2021 19:00:00
875pyraIHbU;LEBIH ENAK DARI KENTUCKY�?����BISA DI JADIIN IDE BISNIS FROZEN FOOD Assalammualaikum bosquee Semoga selalu ...;https://i.ytimg.com/vi/875pyraIHbU/mqdefault.jpg;LEBIH ENAK DARI KENTUCKY�?�??�?Ǭ��BISA DI JADIIN IDE BISNIS FROZEN FOOD (2021);Kuliner|Tutorial;26/10/2021 13:56:08
VPJrfWMVcxE;Hallo assalamualaikum kembali lagi di channel #ResepBakoelan Semangat hari senin, semoga kita semua selalu diberikan ...;https://i.ytimg.com/vi/VPJrfWMVcxE/mqdefault.jpg;TAHAN SAMPE 1 BULAN, IDE BISNIS FROZEN FOOD, IDE JAJANAN UNIK KEKINIAN (2021);Kuliner|Tutorial;13/09/2021 13:00:13
6w7Yiqk8pHE;Selamat datang kembali di chanel Wardi Chandil, hari ini kita bikin FROZEN FOOD,CEMILAN ENAK buat IDE USAHA, IDE ...;https://i.ytimg.com/vi/6w7Yiqk8pHE/mqdefault.jpg;IDE USAHA Frozen Food�?�??Semenjak Tau Resep ini Jualan Jadi Makin Laris (2021);Kuliner|Tutorial|Review;19/09/2021 12:04:00
287IFxLae6Q;;https://i.ytimg.com/vi/287IFxLae6Q/mqdefault.jpg;IDE BISNIS FROZEN FOOD. RESEP AYAM UNGKEP SPICY RASA MIRIP BANGET DENGAN FIESTA ?�?���??�?���??�?�?�� (2021);Kuliner|Tutorial|Review;14/09/2019 22:10:49
UgILo5Mj-mM;Bahan: 10 buah sayap ayam Bumbu Marinade: 2 sdm garam halus 1/2 sdt lada halus 1/2 sdt chicken powder 1 sdm minyak wijen ...;https://i.ytimg.com/vi/UgILo5Mj-mM/mqdefault.jpg;IDE BISNIS FROZEN FOOD # 3: CHICKEN DRUM STICK (2021);Kuliner|Tutorial;09/05/2019 21:11:25
z9p7CclnZSU;Unique Frozen Risoles isi Smoke Beef dan Mayo bikin lidah bergoyang. Harga 15rb aja dapat 5pc Risoles Smoke Beef Mayo ...;https://i.ytimg.com/vi/z9p7CclnZSU/mqdefault.jpg;IDE BISNIS FROZEN FOOD UNIQUE FROZEN RISOLES (2021);Kuliner|Tutorial;14/06/2020 22:51:43
jN2rM5FRoPA;IDE BISNIS FROZEN FOOD,CIRENG KATSU,BAKAL LAKU BANGET NIH Assalammualaikum sahabat sahabat sikenyaltheaa ...;https://i.ytimg.com/vi/jN2rM5FRoPA/mqdefault.jpg;IDE BISNIS FROZEN FOOD,CIRENG KATSU,BAKAL LAKU BANGET NIH (2021);Kuliner|Tutorial;15/07/2020 09:07:30
hCuV7l0OLrE;Assalamuallaikum Wr. Wb. Hallo selamat datang di channel AYUKK KULINER. Disini saya @ayukk Kuliner akan membagikan ...,;https://i.ytimg.com/vi/hCuV7l0OLrE/mqdefault.jpg;Tahan 2 Bulan ! Kreasi Baru Cari Duit.. Ide Bisnis Jualan Frozen Food Buat Buka Usaha Rumahan (2021);Kuliner|Tutorial|Review;31/07/2021 19:10:34
NP9e41vS1h0;Assalammualaikum.. Hai semuaa.. Kali ini Yuk Wid akan memberikan resep dan cara pembuatan jajanan murah meriah yang ...;https://i.ytimg.com/vi/NP9e41vS1h0/mqdefault.jpg;MODAL 8000 RUPIAH BISA BUAT CEMILAN ENAK INI || IDE BISNIS FROZEN FOOD TAHAN LAMA DALAM FREEZER (2021);Kuliner|Tutorial|Review;22/05/2021 09:00:10
4DM3FDJLNCE;Hallo assalamualaikum semua ! Kembali lagi di channel #ResepBakoelan, ketemu lagi dihari jumat yang penuh berkah ini, ...;https://i.ytimg.com/vi/4DM3FDJLNCE/mqdefault.jpg;"COBALAH MASAK TELUR SEPERTI INI UNIK&amp;ENAK BISA TAHAN SAMPAI 1 BULAN, IDE BISNIS FROZEN FOOD KEKINIAN (2021)";Kuliner|Tutorial|Review;01/10/2021 13:00:00
Ma6BK_qhgRM;Ide bisnis frozen food. Untuk memulai bisnis dari rumah dengan modal yang tidak terlalu banyak, sekitar 100rb saja insyaAllah ...;https://i.ytimg.com/vi/Ma6BK_qhgRM/mqdefault.jpg;Ide Bisnis Frozen Food (2021);Kuliner|Tutorial;04/04/2019 07:32:00
cIQ0N0jys48;Terus dukung chanel IDE BISNIS dengan cara subscribe, like, share, coment dan aktifkan juga loncengnya agar gak ketinggalan ...;https://i.ytimg.com/vi/cIQ0N0jys48/mqdefault.jpg;SINGKONG MEREKAH FROZEN | IDE BISNIS FROZEN FOOD (2021);Kuliner|Tutorial;31/08/2020 01:22:18
U3RtwYxpNxw;bahan bahan 1 papan tempe 4 sdm terigu tepung panir penyedap rasa selamat mencoba jangan lupa subscribe terima kasih.;https://i.ytimg.com/vi/U3RtwYxpNxw/mqdefault.jpg;IDE BISNIS FROZEN FOOD �?�?? (2021);Kuliner|Tutorial;20/12/2021 11:00:06
8yFrQFpPgY8;Assalamualaikum wr wb. Alhamdulillah terima kasih kepada teman teman yang selalu mendukung channel kompor kita. Semoga ...;https://i.ytimg.com/vi/8yFrQFpPgY8/mqdefault.jpg;ide bisnis frozen food rumahan - ide bisnis modal kecil untung selangit (2021);Kuliner|Tutorial|Review;07/11/2020 15:49:33
9xtZe7A9W8Y;Assalammualaikum Untuk video hari ini ummi akan bahas tentang jualan frozen food the series lagi. Nah kali ini ummi akan ...;https://i.ytimg.com/vi/9xtZe7A9W8Y/mqdefault.jpg;Jualan Kebab Frozen | Anti Ribet | Jualan Frozen Food The Series ep 6 (2021);Kuliner;19/07/2020 13:29:33
pEfhEJHMoCY;Assalamualaikum wr.wb hallo bunda kali ini dapur saliha buat ekado ala HokBen,,pastinya enak dan disukai sikecil loh apalgi ...,;https://i.ytimg.com/vi/pEfhEJHMoCY/mqdefault.jpg;resep ekado ayam || ekado ala HokBen || ide usaha Frozen food (2021);Kuliner|Tutorial;27/03/2021 12:45:40
2OMwjmnJXZA;Assalamualaikum,,, Welcome back to my channel,,, Kali ini saya akan share resep-resep yang pastinya enak,,, camilan buat si ...;https://i.ytimg.com/vi/2OMwjmnJXZA/mqdefault.jpg;Cara Membuat Nugget Tempe | Ide Bisnis Frozen Food Homemade (2021);Kuliner|Tutorial;01/10/2021 10:29:47
PanBbo2bgSU;Untuk Endorse & Kerjasama Chanel YouTube Ayu Catur: CP Widya 0821 40000 544 (WA ONLY) Note: WA diatas bukan untuk ...;https://i.ytimg.com/vi/PanBbo2bgSU/mqdefault.jpg;REKOMENDASI SUPPLIER TANGAN PERTAMA HOME DECOR ATAU PERABOT RUMAH TANGGA LANGSUNG DARI PABRIKNYA (2021);Homecare|Ecommerce;29/03/2021 16:03:01
LRX28YEEJpc;Untuk Endorse & Kerjasama Chanel YouTube Ayu Catur: CP Widya 0821 40000 544 (WA ONLY) Note: WA diatas bukan untuk ...;https://i.ytimg.com/vi/LRX28YEEJpc/mqdefault.jpg;REKOMENDASI 6 SUPPLIER PERALATAN DAPUR SUPER MURAH DAN LENGKAP HARGA MULAI 500 PERAK DOANG (2021);Homecare|Ecommerce;05/10/2020 13:31:36
Quv46YQcKNo;Halooo Assalammualaikum ...Siapa disini yang udah kangen dengan video rekomendasi supplier tangan pertama selanjutnya ...;https://i.ytimg.com/vi/Quv46YQcKNo/mqdefault.jpg;5 REKOMENDASI SUPPLIER TANGAN PERTAMA PERABOTAN RUMAH TANGGA TERMURAH DAN TERBESAR DI SHOPEE (2021);Homecare|Ecommerce;26/12/2020 11:58:49
aE1chzrDQd4;Assallamualaikum wr. wb. Salam sejahtera untuk kita semua, Untuk kalian yang masih bingung mencari dimana supplier alat ...;https://i.ytimg.com/vi/aE1chzrDQd4/mqdefault.jpg;Supplier alat / perabot rumah tangga di Kota Tangerang (2021);Homecare|Ecommerce;23/07/2021 14:38:06
Idq-axroHww;Perabotrumahtanggamurah #Supplierperabottanganpertama #Suppliermurah REKOMENDASI SUPPLIER PERABOT RUMAH ...;https://i.ytimg.com/vi/Idq-axroHww/mqdefault.jpg;Rekomendasi Supplier perabot rumah tangga langsung dari konveksinya.!! (2021);Homecare|Ecommerce;09/12/2021 11:09:47
7u9AUfxKg8k;Untuk Keterangan Reseller / Dropshiper bisa No wa 087777370978 / 087785230770 LINK SHOPEE : https://shp.ee/xvigpnm.;https://i.ytimg.com/vi/7u9AUfxKg8k/mqdefault.jpg;PT. INDOTOP BERKAH ABADI // Import Barang Resmi ( Distributor Perlengkapan Rumah tangga ) part 2 (2021);Homecare;17/10/2020 15:38:50
fds3UELgh-M;Untuk Endorse & Kerjasama Chanel YouTube Ayu Catur: CP Widya 0821 40000 544 (WA ONLY) Note: WA diatas bukan untuk ...;https://i.ytimg.com/vi/fds3UELgh-M/mqdefault.jpg;REKOMENDASI SUPPLIER TANGAN PERTAMA HOME DECOR ATAU PERABOT RUMAH TANGGA LANGSUNG DARI PABRIKNYA..!! (2021);Homecare|Ecommerce;20/11/2021 16:02:27
BwTFx7U-6hI;Rekomendasi Supplier Tangan Pertama Home Decor | Perabotan Rumah Tangga Murah Untuk Dropship Haloo Bakulers ...;https://i.ytimg.com/vi/BwTFx7U-6hI/mqdefault.jpg;Rekomendasi Supplier Tangan Pertama Home Decor | Perabotan Rumah Tangga Murah Untuk Dropship (2021);Homecare|Ecommerce;17/05/2021 14:33:58
d9DVOppPcXM;Hai guys, ga bs bahasa cina, beli di yoybuy ditranslate pake bahasa indonesia/english WWW.1688.COM WWW.YOYBUY.;https://i.ytimg.com/vi/d9DVOppPcXM/mqdefault.jpg;IDE BISNIS IMPORT PERALATAN DAPUR BELI GROSIR DI 1688.COM (2021);Homecare;23/05/2020 14:08:06
4zSbOYT9nns;link dibawah yang bisa dikungjungi untuk mengetahui lebih lanjut tentang kami.. Play Store ...;https://i.ytimg.com/vi/4zSbOYT9nns/mqdefault.jpg;IMPORTIR, DISTRIBUTOR, Produsen Peralatan Rumah Tangga - Bongkaran Produk Dispenser Beras (2021);Homecare;27/04/2021 12:41:22
sdRqDPRpCTE;https://www.youtube.com/watch?v=aBNBZNgV8wY GENERUS UNGGULAN Kelas III SMP (Kelas 8) ini sudah berani tampil ...;https://i.ytimg.com/vi/sdRqDPRpCTE/mqdefault.jpg;KUNCI SUKSES JUAL GROSIR PERABOTAN DAN PERALATAN RUMAH TANGGA OMSET 2 MILIAR SEBULAN (2021);Homecare|Ecommerce;28/03/2021 09:10:32
8lc4XdaPQJw;Info suppliyer shopee https://shp.ee/wv2b2xw?smtt=0.0.9 Daftar Data pinter https://datapinter.com?affiliate=mokkosuru Grup Info ...;https://i.ytimg.com/vi/8lc4XdaPQJw/mqdefault.jpg;INFO SUPPLIER PERABOT RUMAH TANGGA | OMSET SEBULAN MILYARAN | JUAL PRODUK RUMAH TANGGA DI SHOPEE (2021);Homecare|Ecommerce;23/07/2021 12:00:03
kYTjrcrqJ6M;Buat yg pengen Gabung jadi dropshiper/reseller di F2C Furniture ini WA CS & linknya ya: website daftar : https://f2cfurniture.com\u200b ...;https://i.ytimg.com/vi/kYTjrcrqJ6M/mqdefault.jpg;REKOMENDASI SUPPLIER PERABOT RUMAH TANGGA LANGSUNG DARI PABRIKNYA (2021);Homecare|Ecommerce;03/05/2021 03:38:59
Fa1Q_BfUcKg;Silahkan kunjungi toko kami di link berikut, ada beberapa kitab langka, tasbih Kaokah Premium Turki, dan sarung sutra ...;https://i.ytimg.com/vi/Fa1Q_BfUcKg/mqdefault.jpg;Supplier Peralatan Rumah Tangga Termurah dan Terbesar di Shopee (2021);Homecare|Ecommerce;06/11/2021 05:24:34
TkbxcagJFPA;Untuk Endorse & Kerjasama Chanel YouTube Ayu Catur: CP Widya 0821 40000 544 (WA ONLY) Note: WA diatas bukan untuk ...;https://i.ytimg.com/vi/TkbxcagJFPA/mqdefault.jpg;REKOMENDASI 5 SUPPLIER HOME DECOR / PERABOT RUMAH TANGGA PALING MURAH HARGA MULAI 500 RUPIAH DOANG (2021);Homecare|Ecommerce;21/09/2020 13:40:08
qrNy6YehL8o;Pusat grosir peralatan rumah tangga/ perabotan yang berada di jakarta barat , lebih dikenal dengan pasar prabot jembatan lima.;https://i.ytimg.com/vi/qrNy6YehL8o/mqdefault.jpg;Pusat grosiran prabotan rumah tangga (2021);Homecare;17/03/2021 08:20:32
g4k6R7fQGHY;Hai gaes kali ini aku rekomendasikan beberapa toko grosir peralatan rumah tangga impor yang murah banget harga mulai ...;https://i.ytimg.com/vi/g4k6R7fQGHY/mqdefault.jpg;GROSIR PERALATAN RUMAH TANGGA IMPOR MURMER (2021);Homecare;04/04/2022 15:19:10
JfJVQjHMaKo;PT. INDOTOP BERKAH ABADI Menyediakan berbagai perlengkapan rumah tangga kebutuhan kamu. Kami juga sedang mencari ...;https://i.ytimg.com/vi/JfJVQjHMaKo/mqdefault.jpg;PT. INDOTOP BERKAH ABADI // Import Barang Resmi ( Distributor Perlengkapan Rumah tangga ) (2021);Homecare;18/09/2020 10:37:55
ia7159-Dbi0;Bagi kalaian yang mau belanja parabotan bisa langsung ke lokasi, tempat grosir terbesar di kab subang jawa barat, samping ...;https://i.ytimg.com/vi/ia7159-Dbi0/mqdefault.jpg;GROSIR PERABOTAN TERBESAR DAN TERMURAH dan bisa eceran (2021);Homecare;12/08/2021 14:12:30
X6I0-GL7E8U;Buat kalian yg ingin membuka usaha berdagang peralatan rumah tangga atau parabot, di Cikarang ada tempat Grosit alat alat ...;https://i.ytimg.com/vi/X6I0-GL7E8U/mqdefault.jpg;Grosir Alat Alat Rumah tangga (2021);Homecare;02/03/2021 13:05:20
MVYWEHckWw4;Perabot #PerabotSerbaGoceng #PerabotRumahTangga #PerabotanRumahTangga #PerabotGoceng #PerabotanGoceng ...;https://i.ytimg.com/vi/MVYWEHckWw4/mqdefault.jpg;Belanja barang Perabot Gocengan di lokasi agen (2021);Homecare;24/06/2020 07:01:58
wlpEIG65_Fo;Hi guys video kali ini kita ajak kalian ke Toko Perabotan Ong HouseWare. Di sini perabotannya lengkap banget guys. Kalian juga ...;https://i.ytimg.com/vi/wlpEIG65_Fo/mqdefault.jpg;"Perabotan Rumah Tangga Serbaguna Super Lengkap &amp; Murah || Bisa Beli Online (2021)";Homecare|Ecommerce;03/11/2021 18:30:13
leKnPibqCBw;Buat teman-teman yang sedang mencari tempat beli perabotan murah di video kita TIDAK DISANGKA DISINI TEMPATNYA ...;https://i.ytimg.com/vi/leKnPibqCBw/mqdefault.jpg;TIDAK DISANGKA DISINI TEMPATNYA PERABOTAN RUMAH TANGGA MURAH DAN LENGKAP (2021);Homecare;24/07/2020 12:38:02
GDvUv2pwRK4;Hi guys video kali ini kita ke toko Perabotan Kristal. Perabotan di sini lengkap banget dan harganya juga murah. Semoga ...;https://i.ytimg.com/vi/GDvUv2pwRK4/mqdefault.jpg;PERABOTAN RUMAH TANGGA LENGKAP DAN MURAH (2021);Homecare;14/10/2021 19:04:55
1_kEhpPuIc4;Join Grup Marketplace Tips Yuk, share materi dan Diskusi�?? https://bit.ly/GrupMarketplaceTips Cek Video Menarik Lainnya ...;https://i.ytimg.com/vi/1_kEhpPuIc4/mqdefault.jpg;?�?�?��RB Elektronik : SUPPLIER TANGAN PERTAMA ALAT ELEKTRONIK RUMAH TANGGA TERIMA RESI OTOMATIS (2021);Homecare|Ecommerce;21/07/2021 15:56:33
GX-14wX7hGU;perabotanrumahtangga#grosirperalatanrumahtangga#perabotanjembatanlima #tokogrosirperabotanjakarta ...;https://i.ytimg.com/vi/GX-14wX7hGU/mqdefault.jpg;PUSAT GROSIR PERABOTAN RUMAH TANGGA || JEMBATAN LIMA JAKARTA BARAT (2021);Homecare;30/07/2021 20:25:17
4GV93ytZMHw;REKOMENDASI 11 TOKO PERALATAN RUMAH TANGGA TERMURAH DI SHOPEE #rekomendasi #tokotermurah #termurah ...;https://i.ytimg.com/vi/4GV93ytZMHw/mqdefault.jpg;REKOMENDASI 11 TOKO PERALATAN RUMAH TANGGA TERMURAH DI SHOPEE (2021);Homecare;06/10/2020 15:39:51
yEmjvg7NsZ8;Assalammualaikum Wr.Wb.. Salam sejahtera buat sahabat semua. Dalam video ini menayangkan toko perabotan rumah tangga ...;https://i.ytimg.com/vi/yEmjvg7NsZ8/mqdefault.jpg;Toko Alat Perabotan Rumah Tangga Lengkap Di Cirebon (2021);Homecare;27/08/2021 05:37:49
WQTiwfNQWw4;Kami satu satunya suplyer dari surabaya yang menjual alat dapur murah dan termurah bagi distributor, toko, resseler dan ...;https://i.ytimg.com/vi/WQTiwfNQWw4/mqdefault.jpg;"Suplayer alat dapur untuk distributos di indonesia menjual ecer harga grosir &amp; grosir harga pabrik (2021)";Homecare|Ecommerce;06/08/2019 03:28:56
167SBeQnWV8;TONTON sampai akhir agar informasinya jelas Berikut LINK yang ada di video : Set Sapu Pembersih Dan Pengki ...;https://i.ytimg.com/vi/167SBeQnWV8/mqdefault.jpg;Supplier alat RUMAH TANGGA #DAPUR #SUPPLIER (2021);Homecare|Ecommerce;15/04/2022 13:20:34
LOhdcJmZKSs;UD.SIDO MUMBUL toko perabot plastik yang lumayan lengkap dengan harga yang terjangkau Jln. Dupak No. 63 Pertokoan ...;https://i.ytimg.com/vi/LOhdcJmZKSs/mqdefault.jpg;BELI PERABOT PLASTIK DI UD. SIDO MUMBUL SURABAYA ASLI LENGKAP DAN MURMER | INANA (2021);Homecare;06/12/2020 07:43:39
e9bYabBFb4k;instagram:https://www.instagram.com/ahpsbanyuwangi/ AH POWER SHOP(AHPS GROSIR) Perum pengatigan, Barat pangklang ...;https://i.ytimg.com/vi/e9bYabBFb4k/mqdefault.jpg;LIVE GUDANG AHPS PUSAT GROSIR YANG MAU JADI RESELER SILAKAN (2021);Homecare;12/06/2020 14:10:20
QX0HvgQJjow;Created by InShot:https://inshotapp.com/share/youtube.html #PABRIKPLASTIK #PABRIKPERALATANRUMAHTANGGA ...;https://i.ytimg.com/vi/QX0HvgQJjow/mqdefault.jpg;PABRIK PLASTIK[Peluang usaha alat rumah tangga] (2021);Homecare;12/01/2021 18:48:06
LTX7OPKiS4Q;RAMESA GROSIR Menyediakan berbagai perlengkapan rumah tangga kebutuhan kamu. Kami juga sedang mencari yang ingin ...;https://i.ytimg.com/vi/LTX7OPKiS4Q/mqdefault.jpg;PELUANG BISNIS | GROSIRAN PRABOT RUMAH TANGGA MAKASSAR | HARGA MURAH (2021);Homecare;06/01/2021 04:47:25
Jakwm_qFafQ;toko mebel dan elektronik kendal, toko furniture dan elektronik batang, toko eletronik dan furniture kaliwungu, toko elektronik dan ...;https://i.ytimg.com/vi/Jakwm_qFafQ/mqdefault.jpg;PALINGCOCOK WA0813-2566-9656 DISTRIBUTOR peralatan rumah tangga portable Limbangan Selima Elektronik (2021);Homecare;10/03/2021 22:54:42
EdCnJDUkQ4k;BELANJA PERABOTAN RUMAH TANGGA LENGKAP DAN MURAH DI TOKO AGUNG Belanja Perabotan Rumah Tangga ...;https://i.ytimg.com/vi/EdCnJDUkQ4k/mqdefault.jpg;BELANJA PERABOTAN RUMAH TANGGA LENGKAP DAN MURAH DI TOKO AGUNG (2021);Homecare;30/12/2020 05:05:49
CiNLLPr3euA;Horas Eda, semangat pagi! Kemarin aku belanja di salah satu grosiran houseware di daerah Johor kota Medan. Semoga ...;https://i.ytimg.com/vi/CiNLLPr3euA/mqdefault.jpg;"TOKO HOUSEWARE LENGKAP &amp; MURAH di MEDAN || Rekomendasi untuk Ibu Rumah Tangga (2021)";Homecare;24/01/2021 08:50:28
UDecbQnBZAs;kjperabot #homedecor #perabotmurah SURGA PERABOT TERLENGKAP DI JAKARTA! AUTO BETAH ~ KJ PERABOT Alamat KJ ...;https://i.ytimg.com/vi/UDecbQnBZAs/mqdefault.jpg;SURGA PERABOT TERLENGKAP DI JAKARTA! AUTO BETAH ~ KJ PERABOT (2021);Homecare;12/03/2021 11:47:30
rq7B1IB7ln4;Disini pusatnnya peralatan dapur yang terbuat dari kaca, porcelin & enamel dengan harga murah meriah langsung dari ...;https://i.ytimg.com/vi/rq7B1IB7ln4/mqdefault.jpg;PUSAT PERALATAN DAPUR HARGA PABRIK, DIJAMIN MURAAHH !! KEDAUNG GROUP SURABAYA (2021);Homecare;23/01/2021 16:03:57
9buUslyyPow;Hai juragan divideo ini gue akan share Rekomendasi Supplier Langsung dari Pabrik 202. video ini adalah kelanjutan dari video ...;https://i.ytimg.com/vi/9buUslyyPow/mqdefault.jpg;Rekomendasi Supplier Langsung dari Pabrik 2021 | Untuk Jualan di Tokopedi Shopee Bukalapak (2021);Homecare|Ecommerce;28/02/2021 23:02:12
lc5Kx3K9-70;Hai gan ini dia 3 rekomendasi supplier tangan pertama untuk dropship. di video ini gue kasih 3 rekomendasi supplier peralatan ...;https://i.ytimg.com/vi/lc5Kx3K9-70/mqdefault.jpg;3 Rekomendasi Supplier Tangan Pertama Untuk Dropship (2021);Homecare|Ecommerce;14/08/2020 19:43:53
nQYtnnHyH9Q;Grosir Alat Rumah Tangga Pati, Grosir alat dapur Pati, Grosir perabot Pati, Grosir perlengkapan rumah tangga Pati, Grosir ...;https://i.ytimg.com/vi/nQYtnnHyH9Q/mqdefault.jpg;Grosir Alat Rumah Tangga Pati Dikirim dari Sragen (2021);Homecare;10/09/2021 16:00:19
w6VqZrGpXPs;Shopee haul kali ini peralatan rumah tangga, LINK KESET https://shp.ee/tuit7ew SPONS CUCI PIRING https://shp.ee/r8gctgi ...;https://i.ytimg.com/vi/w6VqZrGpXPs/mqdefault.jpg;SHOPEE HAUL PERALATAN RUMAH TANGGA | HARGA MULAI DARI 2 RIBUAN ?�?���� (2021);Homecare;05/05/2021 12:13:08
wv7JekD-le0;Assalamualaikum ���         alhamdulillah kali ini saya merekomendasikan perlatan rumah tangga di shopee kali ini foto ...;https://i.ytimg.com/vi/wv7JekD-le0/mqdefault.jpg;REKOMENDASI PERALATAN RUMAH TANGGA MURAH DI SHOPEE | peralatan dapur shopeehaul (2021);Homecare;22/02/2022 13:17:38
_SUnFjay2SU;Anda menanggur ? di rumahkan ? di PHK ? enggak ada modal uang buat buka usaha.. kami dari SKDA siap membantu .. joint ...;https://i.ytimg.com/vi/_SUnFjay2SU/mqdefault.jpg;Mau Jadi Mitra Ubber jd UKM reseller alat Dapur dll harga pabrik tanpa modal (2021);Homecare;18/04/2020 11:17:15
bxjwhO9q78k;;https://i.ytimg.com/vi/bxjwhO9q78k/mqdefault.jpg;Rutinitas buka toko peralatan rumah tangga senyum 5000 (2021);Homecare;24/10/2020 11:06:44
02lpT1UFbtE;Assalamualaikum semua, untuk link nya aku taro dibawah ya, semoga bermanfaat, oh iyaa aku kasih tahu bahwa harga bisa saja ...;https://i.ytimg.com/vi/02lpT1UFbtE/mqdefault.jpg;SHOPEE HAUL PERALATAN DAPUR Eps.3 || Unboxing dan Review Peralatan Rumah Tangga (2021);Homecare|Review;25/12/2020 19:50:16
h1VV406GusA;Sedikit Cuplikan ini adalah proses pengiriman Buyer / Customer kami ya Gaesss....;https://i.ytimg.com/vi/h1VV406GusA/mqdefault.jpg;Proses Pengiriman Orderan Grosir Alat Rumah Tangga Tirta Style (2021);Homecare;09/04/2021 20:27:36
7r0ok2Yofbk;adalah tempat untuk kulakan peralatan rumah tangga baik perabot dar bahan plastik, melamin, stanless dll . info pembelian dan ...;https://i.ytimg.com/vi/7r0ok2Yofbk/mqdefault.jpg;Distributor Alat Rumah Tangga Solo - Dispay Barang Kursi Plastik Pendek (2021);Homecare;06/09/2021 13:57:08
eQ0PMioUi2k;perabot #perabotmurah #dapur Kalinini aku akan share ke temen-temen semua tempat yg menjual berbagai perabot dapur ...;https://i.ytimg.com/vi/eQ0PMioUi2k/mqdefault.jpg;Supplier Terlengkap Prabot Dapur Hotel dan Restaurant !! (2021);Homecare|Ecommerce;15/07/2021 00:43:07
DX9VyUjDyeI;maskerchina #masker TAG: masker, masker wajah, maskeran ala klinik kecantikan, masker komedo, masker himalaya, masker ...;https://i.ytimg.com/vi/DX9VyUjDyeI/mqdefault.jpg;REVIEW MASKER NON MEDIS SUPER MURAH DARI CHINA (2021);Healthcare|Review;07/02/2021 09:32:58
9xnMP59zvbw;Link untuk daftar Kelas import mastery: https://kelasimportmastery.com/ NO WA ADMIN Kelas import mastery: 081281063632 ...;https://i.ytimg.com/vi/9xnMP59zvbw/mqdefault.jpg;CARA IMPORT BARANG DARI CHINA.!! LANGSUNG DARI SEMUA GUDANG DI CHINA.!! IMPORT PRODUK CHINA LANGSUNG (2021);Kuliner|Homecare|Healthcare|Tutorial;01/07/2021 10:27:51
xqxjdxDLvsQ;Semoga kalian paham apa yang saya ceritakan berdasarkan pengalaman saya. Apabila ingin memulai bisnis impor dan masih ...;https://i.ytimg.com/vi/xqxjdxDLvsQ/mqdefault.jpg;IMPOR Barang dari china langsung praktek tanpa teori (2021);Kuliner|Homecare|Healthcare|Tutorial;27/10/2020 17:19:38
xt0fVDKK6dA;Alibaba adalah salah satu marketplace asal China yang memiliki berbagai macam produk dengan berbagai spesifikasi.;https://i.ytimg.com/vi/xt0fVDKK6dA/mqdefault.jpg;Pengalaman Pribadi Belanja Impor China Tanpa Ikut Kelas Seminar Berbayar (2021);Kuliner|Homecare|Healthcare|Tutorial|Review;08/12/2020 19:00:13
lkoN1_YdzGc;Sebagai pemula banyak orang ing membeli barang apa saja dari China. Mereka berpikir bahwa semua barang bisa dibeli ...;https://i.ytimg.com/vi/lkoN1_YdzGc/mqdefault.jpg;Jangan Beli Barang Ini Dari China | Cara Impor Bagi Pemula (2021);Kuliner|Homecare|Healthcare|Tutorial;09/11/2020 09:00:02
5tvN5F3NTek;Order 20x15pack = 300pack , yang d terima kurang dari 300 , silahkan di hitung sendiri.;https://i.ytimg.com/vi/5tvN5F3NTek/mqdefault.jpg;Masker skuba import cina (2021);Healthcare|Review;11/04/2020 18:42:04
rYPN0PSSnkk;Ingin belajar lebih banyak tentang bisnis import, ikuti step dibawah ini: 1. SUBSCRIBE DAN HIDUPIN LONCENGNYA ...;https://i.ytimg.com/vi/rYPN0PSSnkk/mqdefault.jpg;PRODUK RECEH YANG MEMILIKI POTENSI CUAN BESAR | REKOMENDASI PRODUK | IMPORTIR.ORG (2021);Healthcare|Review;27/08/2021 16:00:18
4qoao1SQ8Wo;Hai juragan di video TIPS SEBELUM IMPORT BARANG DARI CHINA ini gue mau sharing pengalaman sebelum import barang ...;https://i.ytimg.com/vi/4qoao1SQ8Wo/mqdefault.jpg;TIPS SEBELUM IMPORT BARANG DARI CHINA - BARANG MURAH DI 1688 (2021);Kuliner|Homecare|Healthcare|Tutorial;09/05/2021 23:25:48
rhA8KSyXAgQ;Hallo temen2 buat yang mau bisa import kuy merapat jangan lupa tonton videonya sampe abis ya �?� Buat yang mau daftar ...;https://i.ytimg.com/vi/rhA8KSyXAgQ/mqdefault.jpg;CARA IMPORT BARANG DARI CHINA KE INDONESIA UNTUK PEMULA DIJAMIN AUTO BISA IMPORT ! (2021);Kuliner|Homecare|Healthcare|Tutorial;30/08/2021 19:40:57
7wdIySmQBh8;;https://i.ytimg.com/vi/7wdIySmQBh8/mqdefault.jpg;Bahan kain Gulungan untuk Masker import dari China (2021);Healthcare|Review;27/02/2021 09:09:52
AV76LUcC8vo;Haloo guys assalamualaikum.. Buat kalian yang mau gabung kelas import mastery klik link dibawah ini yaa ...;https://i.ytimg.com/vi/AV76LUcC8vo/mqdefault.jpg;CARA IMPORT BARANG DARI CHINA - VIA ALIBABA DAN 1688 TERMURAH,BISA BERSAING DENGAN SELLER SENIOR (2021);Kuliner|Homecare|Healthcare|Tutorial;11/08/2021 17:40:33
gELNhyJOAdg;Review ala2 y guysss.... Buat yg bingung mau beli masker merk apa... Masker yg w review w beli sendiri bukan endors dan w ...;https://i.ytimg.com/vi/gELNhyJOAdg/mqdefault.jpg;Review masker import cina vs lokal Ala bocah Noob (2021);Healthcare|Review;16/07/2020 16:33:40
tupkUd58TH0;Watch in HD Aku bikin vidio Cara pake sheet mask yang benar karna pasti masih ada yg salah saat menggunakan masker tissue, ...;https://i.ytimg.com/vi/tupkUd58TH0/mqdefault.jpg;Riview Natural SKINCARE mask || masker bikin wajah glowing | Novah Safitri (2021);Healthcare|Review;30/01/2019 08:47:31
S1xRdz3UOO0;Masker sheet mask murah ini memang sedang di gandrungi karena hasilnya dan harganya, berikut ini manfaat masker rorec yg ...;https://i.ytimg.com/vi/S1xRdz3UOO0/mqdefault.jpg;Masker Rorec bahaya?! Nyoba 3 kali! Wajib tau hasil dan info terbaru! (2021);Healthcare|Review;26/10/2020 11:36:18
OPNJcUqlD_8;;https://i.ytimg.com/vi/OPNJcUqlD_8/mqdefault.jpg;Masker 3M import dari cina (2021);Healthcare|Review;21/08/2020 18:06:42
2dcmHT4pP4k;Masker import ini bisa kalian dapatkan langsung di Shopee : sf_toko atau instagram nya di : sfcosmeticshop.;https://i.ytimg.com/vi/2dcmHT4pP4k/mqdefault.jpg;SF PRODUCTs ( Super essence mask ) masker import dari China by Nana (2021);Healthcare|Review;20/11/2020 21:08:40
y2MAArqlJJI;PRAKTEKNYA SULIT BANGET GA SEGAMPANG YANG DI BILANG MEBTOR DAN IKLAN2 NYA - Peluang Bisnis import cara ...;https://i.ytimg.com/vi/y2MAArqlJJI/mqdefault.jpg;PRAKTEKNYA SULIT BANGET - Peluang Bisnis import cara menjadi importir barang dari cina untuk pemula (2021);Healthcare|Tutorial;14/10/2020 19:00:11
xoSre3mRw-U;Hi teman teman semuanya .. video kli ini au mau unboxing kiriman masker dari teman ku yang ada di wuhan china , setelah dia ...;https://i.ytimg.com/vi/xoSre3mRw-U/mqdefault.jpg;Unboxing Kiriman Masker Langsung Dari China (2021);Healthcare|Review;19/03/2020 17:06:48
V4FTkSLXr0Y;Kamis kemarin 26 Januari 2021, Bpom dan kepolisian berhasil menciduk pabrik Masker Organik Ilegal. kok bisa? iya bisa karena ...;https://i.ytimg.com/vi/V4FTkSLXr0Y/mqdefault.jpg;TERCIDUK POLISI PABRIK MASKER ORGANIK ILEGAL! 10 MERK INI HARUS KALIAN HINDARI!? (2021);Healthcare|Tutorial|Review;02/02/2021 17:00:09
gW9_7XRRVRQ;;https://i.ytimg.com/vi/gW9_7XRRVRQ/mqdefault.jpg;Unboxing Pungo MASKER Dari China (2021);Healthcare|Review;21/08/2020 14:36:11
EavT9P1y3xk;lagi marak masker di indonesia karena wabah covid-19 , anda jelas tidak mau beli masker yg abal abal kan ? monggo disimak ...;https://i.ytimg.com/vi/EavT9P1y3xk/mqdefault.jpg;Review Masker Beckoning import (2021);Healthcare|Review;13/05/2020 15:36:02
hB0h5-3O21c;link pemesanan https://tokopedia.link/GiIqFy56c6.;https://i.ytimg.com/vi/hB0h5-3O21c/mqdefault.jpg;MASKER KN95 IMPOR DARI CHINA (PO 20 HARIAN) | BAGUS GAK SI? (2021);Healthcare|Review;04/05/2020 17:22:14
wX1_kygLAQo;IMPORT MASKER - WA +62 8122 031 6492 KONSULTAN EKSPOR IMPOR Go Modern | Go Digital | Go Online | Go Global ...;https://i.ytimg.com/vi/wX1_kygLAQo/mqdefault.jpg;IMPORT MASKER KONSULTAN EKSPOR IMPOR (2021);Healthcare|Tutorial;14/08/2020 09:58:17
Oh20n4FiSao;;https://i.ytimg.com/vi/Oh20n4FiSao/mqdefault.jpg;Masker china 3ply anti air dan tidak tembus api (2021);Healthcare|Review;30/04/2020 15:57:46
wxDve0kLZBM;Panggilan untuk Insinyur Indonesia.;https://i.ytimg.com/vi/wxDve0kLZBM/mqdefault.jpg;Produksi Masker Massal Dari China | Mesin Pembuat Masker Otomatis (2021);Healthcare|Tutorial|Review;03/05/2020 16:03:26
omeqI4UwiIk;;https://i.ytimg.com/vi/omeqI4UwiIk/mqdefault.jpg;Unboxing masker corona virus virus dari china (2021);Healthcare|Review;26/03/2020 21:26:42
deHBAkDX4n4;Masa pandemik corona ini, mengharuskan kita untuk beradaptasi dengan lingkungan yang baru (New Normal). Salah satu ...;https://i.ytimg.com/vi/deHBAkDX4n4/mqdefault.jpg;"Peranggg Masker Import &amp; Masker Lokal (2021)";Healthcare|Review;21/07/2020 15:53:40
L2C4Wk8Vq8Y;Masker kain bahan import super lembut Shopee : Poetic.shop Tokopedia : iwan studio Bahan sangat nyaman digunakan karna ...;https://i.ytimg.com/vi/L2C4Wk8Vq8Y/mqdefault.jpg;Review masker kain import premium (2021);Healthcare|Review;30/06/2020 10:26:44
4F1Bz-Jr9ec;selamat datang di channel top produk masker beneran full face nih Produk unik #SHORTS #tiktok #unik #gadgets #china ...;https://i.ytimg.com/vi/4F1Bz-Jr9ec/mqdefault.jpg;masker beneran full face nih Produk unik #SHORTS #tiktok #unik #gadgets #china (2021);Healthcare|Review;15/05/2022 11:30:20
ZpSFw1E4tC8;Setiap Upload Wajib Salin & Tempel ini Akun Official Instagram Kita ...;https://i.ytimg.com/vi/ZpSFw1E4tC8/mqdefault.jpg;Masker import....murah boskuuu?�?����?�?����?�?���??�?���??�?���? (2021);Healthcare|Review;16/06/2020 12:24:55
Vg4TOW7jeeU;Beli ini pas di tawarin temen mantap bahan halus,lembut,ringan bahannyadan talinya kaya masker media ga bikin sakit kuping ...;https://i.ytimg.com/vi/Vg4TOW7jeeU/mqdefault.jpg;Masker import high grade (2021);Healthcare|Review;21/05/2020 20:08:24
N2IFaPFKOho;Haloo semuanya, berikut penampakan masker triplay, untuk pemesanan bisa hubungi kami di wa : 0811756432 atau ...;https://i.ytimg.com/vi/N2IFaPFKOho/mqdefault.jpg;"MASKER TRIPLAY, HARGA MURAH, IMASKE, CINA &amp;TP SURGICAL MASK (2021)";Healthcare|Review;08/07/2020 10:23:42
OGNaS6-XP9Y;Kami Forwarder Import bergerak di bidang Expedisi International Freight Forwarders untuk kepengurusan Import & Export kepada ...;https://i.ytimg.com/vi/OGNaS6-XP9Y/mqdefault.jpg;Jasa Import Alat Kesehatan Masker | Forwarder Import (2021);Healthcare|Tutorial;29/04/2020 15:11:05
EG1KZKyrvRQ;Punya bisnis kuliner di platform delivery online online tapi sepi? Nah, di episode kali ini saya akan memberikan tips untuk ...;https://i.ytimg.com/vi/EG1KZKyrvRQ/mqdefault.jpg;TIPS LARIS JUALAN DI GOFOOD, GRABFOOD, SHOPEEFOOD - CARA DAGANG MAKANAN ONLINE - BISNIS KULINER (2021);Kuliner|Tutorial|Ecommerce|Marketing;24/04/2021 21:41:28
GTsWNaY6Ni8;Cara memasarkan produk makanan itu gampang-gampang susah karena persaingannya sangat kompetitif dan ketat baik secara ...;https://i.ytimg.com/vi/GTsWNaY6Ni8/mqdefault.jpg;Cara Memasarkan Produk Makanan - 10 Strategi Bisnis Kuliner! (2021);Kuliner|Tutorial|Marketing;07/10/2020 18:00:06
wDCsLNwDWEY;Foodizz Class - Marketing Strategi Membuat Brand Kuliner Cepat Terkenal with Stefanie Kurniadi - Founder Upnormal Coffee ...;https://i.ytimg.com/vi/wDCsLNwDWEY/mqdefault.jpg;[Foodizz Class] Strategi Membuat Brand Kuliner Cepat Terkenal - Stefanie Kurniadi (2021);Kuliner|Tutorial|Marketing;30/06/2020 11:33:44
Fp41c0oJnZg;Jualan cemilan dan ga kunjung bisa melebarkan pasar?;https://i.ytimg.com/vi/Fp41c0oJnZg/mqdefault.jpg;STRATEGI MARKETING UTK BISNIS CEMILAN (2021);Kuliner|Tutorial|Marketing;05/02/2021 08:00:02
qth4_pCdz2M;CARA SUKSES 4 LANGKAH JUALAN ONLINE DI MARKETPLACE MASIH BINGUNG CARA NAIKIN TRAFIK & PENJUALAN DI ...;https://i.ytimg.com/vi/qth4_pCdz2M/mqdefault.jpg;CARA SUKSES 4 LANGKAH JUALAN ONLINE BANJIR ORDERAN DI MARKETPLACE (2021);Tutorial|Ecommerce|Marketing;04/11/2020 20:00:23
v9P8zGJPh9M;UPDATE CARA DAFTAR SHOPEEFOOD TERBARU: https://youtu.be/9bGaf-gO5wQ Berikut cara mendaftarkan bisnis rumahan ...;https://i.ytimg.com/vi/v9P8zGJPh9M/mqdefault.jpg;CARA DAFTAR MERCHANT SHOPEE FOOD ONLINE LEWAT HP - PERSYARATAN JUALAN DI SHOPEEFOOD (2021);Kuliner|Tutorial|Ecommerce;04/03/2021 11:00:04
_VXgxklmpK4;BisnisBarengKeke Terimakasih sudah menonton! Suara agak sengau karena lg batuk gaes wkwkw. Ohya, tell me some ...;https://i.ytimg.com/vi/_VXgxklmpK4/mqdefault.jpg;CARA JUALAN DI INSTAGRAM - Bisnis Bareng Keke #6 (2021);Kuliner|Tutorial|Ecommerce|Marketing;13/05/2019 15:19:55
1QSZR5GRJkI;Pastinya banyak pelaku usaha kecil menengah atau UKM yang tertarik bagaimana caranya agar produknya bisa dijual di ...;https://i.ytimg.com/vi/1QSZR5GRJkI/mqdefault.jpg;MAU PRODUK KERIPIKMU MASUK RATUSAN SWALAYAN? MUDAH KOK, BEGINI CARANYA! (2021);Kuliner|Tutorial|Marketing;19/03/2021 15:24:20
MTlBJXkWj8U;Di video ini saya membongkar strategi digital marketing untuk Anda yang memiliki warung/cafe dan ingin warung/cafe ini ramai ...;https://i.ytimg.com/vi/MTlBJXkWj8U/mqdefault.jpg;Strategi Digital Marketing Untuk Bikin Warung Ramai! (2021);Kuliner|Tutorial|Ecommerce|Marketing;22/09/2020 16:48:28
ucFxqyPS3ZA;halo guys, dikesempatan kali ini, gua leo dan petrik akan membagikan aplikasi apa saja yang bisa kita gunakan untuk foto produk ...;https://i.ytimg.com/vi/ucFxqyPS3ZA/mqdefault.jpg;APLIKASI HP UNTUK Foto Produk Katalog | PHOTOROOM-PICSART (2021);Tutorial|Review;11/07/2021 18:53:24
oZlKWOlKtGY;Warung, bisnis katering rumahan dan gerobak/streetfood juga bisa didaftarkan ke GoFood lho! �?? MAU KERJA SAMPINGAN ...;https://i.ytimg.com/vi/oZlKWOlKtGY/mqdefault.jpg;TIPS BISNIS KULINER PEMULA - CARA DAFTAR GOFOOD TANPA NPWP LEWAT HP (2021);Kuliner|Tutorial|Ecommerce|Marketing;19/11/2020 00:49:24
8HMKQYXc4BE;Untuk Endorse & Kerjasama Chanel YouTube Ayu Catur: CP Widya 0821 40000 544 (WA ONLY) Note: WA diatas bukan untuk ...;https://i.ytimg.com/vi/8HMKQYXc4BE/mqdefault.jpg;CARA JUALAN DI SHOPEE TERLENGKAP 2021 | CARA MEMBUAT TOKO DI SHOPEE PAKAI HP PALING LENGKAP TERMUDAH (2021);Tutorial|Ecommerce;08/02/2021 15:55:42
dTusC0GrvZg;Video ini adalah pembuatan website pemesanan makanan menggunakan bootstrap 4 dan PHP yang merupakan bagian dari ...;https://i.ytimg.com/vi/dTusC0GrvZg/mqdefault.jpg;Website Pemesanan Makanan Menggunakan Bootstrap 4 dan PHP #Part 1 - Free Source Code (2021);Tutorial|Ecommerce;28/04/2021 23:27:28
SENlAnEETdI;Pengalaman membuka toko baru jastip Ikea di Shopee. Tips jualan di Shopee untuk pemula, dari nol sampai omzet jutaan rupiah ...;https://i.ytimg.com/vi/SENlAnEETdI/mqdefault.jpg;JUALAN DI SHOPEE UNTUK PEMULA | Tips Dapetin Orderan Pertama (2021);Tutorial|Ecommerce;07/07/2020 15:20:11
uWekEf7arzI;TERIMA KASIH SUDAH MENONTON ______ Follow Instagram aku = https://www.instagram.com/lovellyaira Tiktok ...;https://i.ytimg.com/vi/uWekEf7arzI/mqdefault.jpg;4 TIPS MEMULAI BISNIS ONLINE |MODAL 300K UNTUNG 20JT (2021);Tutorial|Ecommerce|Marketing;02/05/2019 20:01:14
9U7L_JdwF1E;Pengen sih bisnis online, tapi bingung mau jualan apa? Say no more! Di video ini aku bagiin secara gratis 50 ide produk yang ...;https://i.ytimg.com/vi/9U7L_JdwF1E/mqdefault.jpg;50 IDE JUALAN ONLINE E-COMMERCE TERLARIS DAN CARA MEMULAI TOKO PERTAMA (2021);Tutorial|Ecommerce;01/06/2021 12:00:02
Hv33RxdbrVs;Ini Caranya Mulai Bisnis Online di Amerika Dari Indonesia | Jual Online Dibayar Dollar | Amazon FBA Panduan Komprehensif ...;https://i.ytimg.com/vi/Hv33RxdbrVs/mqdefault.jpg;Ini Caranya Mulai Bisnis Online di Amerika Dari Indonesia | Jual Online Dibayar Dollar | Amazon FBA (2021);Tutorial|Ecommerce|Marketing;18/11/2019 00:08:17
fzmzgfnwLz0;Join program 7 Hari Langsung Closing di http://7harilangsungclosing.com Cara ikut giveaway 5 juta untuk 5 orang pemenang 1.;https://i.ytimg.com/vi/fzmzgfnwLz0/mqdefault.jpg;Ide Jualan 2021 di Marketplace Yang Bikin Untung ! Gue bocorin cara mainnya.... (2021);Tutorial|Marketing;13/05/2021 19:50:55
99mynr-NWSs;nah, ini yang banyak dicari: TIPS FOTOGRAFI MENGGUNAKAN HP, terutama kalau mau FOTO PRODUK hanya menggunakan ...;https://i.ytimg.com/vi/99mynr-NWSs/mqdefault.jpg;TIPS FOTO PRODUK MENGGUNAKAN HP DENGAN PERALATAN SEADAANYA (2021);Tutorial;03/07/2020 19:00:14
6_abRxE1EEY;IDE BISNIS MODAL KECIL| SEBLAK INSTAN assalamualaikum hari ini saya akan berbagi ide buat bisnis atau jualan yang ...;https://i.ytimg.com/vi/6_abRxE1EEY/mqdefault.jpg;IDE BISNIS MODAL KECIL|SEBLAK INSTAN UNTUNG BESAR #dirumahaja (2021);Kuliner|Tutorial;01/07/2020 10:00:10
weRuhELlx5o;BTS cara aku bikin iklan video promosi produk iklan pakai HP Cinematic B Roll . simple DIY business inquiry ...;https://i.ytimg.com/vi/weRuhELlx5o/mqdefault.jpg;cara buat iklan video Promosi Produk Cinematic pakai HP - BTS iklan B Roll (2021);Tutorial;27/06/2020 16:00:13
ORSZmfhVURo;Kelas ketiga dari program NESCAF�? KICKSTART untuk membangun ide bisnismu lebih dalam. Bersama Putera Dwi Karunia ...;https://i.ytimg.com/vi/ORSZmfhVURo/mqdefault.jpg;Menentukan Model Bisnis | NESCAF�?�� KICKSTART (2021);Tutorial;20/04/2017 11:35:35
URtgOTY0Tfs;Hai semuanya :) di video kali ini aku mau sharing ke kalian cara mengedit foto produk olshop kita agar lebih menarik.. Soo buat ...;https://i.ytimg.com/vi/URtgOTY0Tfs/mqdefault.jpg;CARA EDIT FOTO KATALOG OLSHOP AGAR LEBIH MENARIK #1..PAKAI PIXELLAB (2021);Tutorial|Ecommerce;15/07/2020 16:21:47
Jw4YAjfetmo;Tips bisnis kali ini membahas tentang perbandingan antara Bisnis Franchise dan Bisnis Sendiri, mana yang lebih baik?;https://i.ytimg.com/vi/Jw4YAjfetmo/mqdefault.jpg;BISNIS FRANCHISE VS BISNIS SENDIRI, MANA YANG LEBIH BAIK? (BISNIS 2022) (2021);Tutorial|Review;25/02/2021 20:00:15
P81AKEEhL9U;Video ini saya buat untuk memenuhi tugas kewirausahaan tentang business plan :) . Dosen Pengampu : Yufitri Yanto,M.Pd.Mat .;https://i.ytimg.com/vi/P81AKEEhL9U/mqdefault.jpg;PRESENTASI BUSINESS PLAN || TUGAS KEWIRAUSAHAAN (2021);Tutorial;23/05/2020 20:25:03
JyEuFGkII-s;Waktu beli barang, sadar enggak kalau yang mempengaruhi kamu bukan logika, tapi emosi. Gara-gara warna, bukan cuma ...;https://i.ytimg.com/vi/JyEuFGkII-s/mqdefault.jpg;Cara Menarik Konsumen Lewat Warna (2021);Tutorial|Marketing;19/08/2017 16:00:01
p83OOF879Fc;Penting!!!! Halo sobat kita lagi adain kursus web desain terbatas untuk 50 orang. Biayanya murah banget cuma 200 ribu rupiah ...;https://i.ytimg.com/vi/p83OOF879Fc/mqdefault.jpg;Membuat Website Kuliner Dengan HTML dan CSS (2021);Kuliner|Tutorial;14/06/2020 16:35:00
Om1YQPmyZJI;CoachHendraHilman\u200b\u200b\u200b\u200b\u200b\u200b\u200b #TipsBisnisSukses\u200b\u200b\u200b\u200b\u200b\u200b\u200b #CoachBisnis\u200b\u200b\u200b\u200b\u200b\u200b\u200b #Motivasi\u200b\u200b\u200b\u200b\u200b\u200b\u200b #Sales\u200b ...;https://i.ytimg.com/vi/Om1YQPmyZJI/mqdefault.jpg;4 CARA MENENTUKAN HARGA JUAL UNTUK MENAIKKAN OMSET (2021);Tutorial;02/03/2021 22:27:34
8pyt_BYiG8w;Bismillah Assalamualaikum warahmatullahi wabarokatuh Hai hai apa kabar teman-teman? Kali ini A&I channel akan sharing ...;https://i.ytimg.com/vi/8pyt_BYiG8w/mqdefault.jpg;Tutorial CANVA VIDEO untuk promo produk olshop (2021);Tutorial|Marketing;04/04/2021 10:33:30
Ond2HGdrFc4;Tips bisnis kali ini membahas tentang Strategi Digital Marketing 2021. Apa yang perlu diperhatikan di tahun 2021 agar bisnis kita ...;https://i.ytimg.com/vi/Ond2HGdrFc4/mqdefault.jpg;STRATEGI DIGITAL MARKETING 2021 (LEBIH EXTREME DARI SEBELUMNYA) (2021);Tutorial|Marketing;01/01/2021 20:00:07
76KLF6WCHIc;Assalamualaikum hay hay hay RESEP yg GAGAL TAYANG kemarin nih , aduh bener bener minta maaf dehh aku sama ...;https://i.ytimg.com/vi/76KLF6WCHIc/mqdefault.jpg;SEBLAK ZAMAN BAHEULA !!! DI KEMAS DENGAN CARA KEKINIAN BIKIN BANJIR ORDERAN !!! OMSET BISA JUTAAN ! (2021);Kuliner|Tutorial|Ecommerce;06/02/2021 19:00:02
71nOQ8ThTdQ;[Foodizz On Sharing] Membangun Bisnis Makanan Kemasan, apa strateginya? with : Fikri Muhammad - CEO & Founder ...;https://i.ytimg.com/vi/71nOQ8ThTdQ/mqdefault.jpg;MEMBANGUN BISNIS MAKANAN KEMASAN, APA STRATEGINYA? (2021);Kuliner|Tutorial|Ecommerce|Marketing;29/04/2021 09:25:40
9f4fHnQLjJs;CoachHendraHilman\u200b\u200b\u200b\u200b\u200b\u200b\u200b\u200b\u200b\u200b\u200b\u200b\u200b\u200b\u200b\u200b\u200b\u200b\u200b #TipsBisnisSukses\u200b\u200b\u200b\u200b\u200b\u200b\u200b\u200b\u200b\u200b\u200b\u200b\u200b\u200b\u200b\u200b\u200b\u200b\u200b ...;https://i.ytimg.com/vi/9f4fHnQLjJs/mqdefault.jpg;4 CARA MEMBESARKAN BISNIS ANDA DENGAN CEPAT ! (2021);Tutorial|Marketing;29/07/2020 14:59:35
#NAME?;Penting!!!! Halo sobat kita lagi adain kursus web desain terbatas untuk 50 orang. Biayanya murah banget cuma 200 ribu rupiah ...;https://i.ytimg.com/vi/-kcbdojs2W4/mqdefault.jpg;Membuat Toko Online Sederhana Dengan HTML Dan CSS (2021);Tutorial;28/08/2018 07:55:47
irym62G4le4;Ada banyak bentuk bisnis dan usaha, tentu semua memiliki perjalanan yang berbeda. Namun berdasarkan pengalaman tim ...;https://i.ytimg.com/vi/irym62G4le4/mqdefault.jpg;5 Tahap Memulai Bisnis Kecil Dari Nol (2021);Tutorial;15/03/2021 16:00:30
gGAA5gxzRoE;Di video ini saya membicarakan kerangka belajar digital marketing untuk pemula. Ada 3 fase yang Anda perlu pahami yaitu: Build ...;https://i.ytimg.com/vi/gGAA5gxzRoE/mqdefault.jpg;Kerangka Ideal Belajar Digital Marketing Untuk Pemula (2021);Tutorial|Ecommerce|Marketing;07/09/2020 16:43:50
9RTLdG4ZMlA;Ide bisnis tahun 2022 yang menurut gw cocok buat pemula dengan modal kecil. Thanks Selly for sponsoring this video, great app ...;https://i.ytimg.com/vi/9RTLdG4ZMlA/mqdefault.jpg;3 Ide Bisnis Pemula yang HARUS di coba tahun 2022 (2021);Tutorial|Marketing;18/02/2022 13:00:06
XtBnOUqZEBg;Daftar kelas jualan gratis klik http://5harilangsungprofit.com.;https://i.ytimg.com/vi/XtBnOUqZEBg/mqdefault.jpg;Ini Cara Saya Dapat 1 Milyar Pertama Jualan di Tiktok Dalam 1 Bulan (2021);Tutorial|Ecommerce;30/03/2022 20:39:55
VprYw6gI3VI;Bisnis kuliner makanan dari Korea Selatan juga cukup menjamur. Maka itu, jika ingin mencoba untuk bisnis makanan luar negeri, ...;https://i.ytimg.com/vi/VprYw6gI3VI/mqdefault.jpg;Selain dari Korea, Ide Bisnis Kuliner Luar Negeri yang Sedang Digandrungi Anak Muda (2021);Kuliner|Tutorial;12/03/2022 10:00:11
LkBx_z-0BGM;Peluang Bisnis Snack Bal Balan dengan modal kecil untung yang sangat besar dan resiko yang sangat kecil, semua bisa ...;https://i.ytimg.com/vi/LkBx_z-0BGM/mqdefault.jpg;PELUANG BISNIS SNACK DENGAN MODAL Rp.50.000,- (2021);Kuliner|Tutorial;01/09/2020 19:21:14
m3DLVIjuf7E;Video ini merupakan tutorial cara memulai usaha makanan dari nol untuk menjadi pengusaha bakso, jual beli makanan. Part #3.;https://i.ytimg.com/vi/m3DLVIjuf7E/mqdefault.jpg;7 Hal dalam Jual Beli Makanan, sebelum Memulai Usaha Makanan dari Nol menjadi Pengusaha Bakso (2021);Kuliner|Tutorial|Marketing;26/08/2020 12:27:03
ppi38w63c8I;Jika anda se orang pe business yang hampir setiap harinya berhadapan dengan pelanggan lewat media sosila salah satunya ...;https://i.ytimg.com/vi/ppi38w63c8I/mqdefault.jpg;2 CARA MEMBUAT PESAN OTOMATIS DI WHATSAPP - TERBARU 2020?�?�?�� (2021);Tutorial;02/05/2020 11:00:48
1Gz81J5zpDY;Aplikasi Rekap Penjualan Toko atau Warung Menggunakan Excel - Part 1 (Review Aplikasi) Sarjayadi Awe - Cek dulu ya ...;https://i.ytimg.com/vi/1Gz81J5zpDY/mqdefault.jpg;APLIKASI REKAP PENJUALAN TOKO ATAU WARUNG MENGGUNAKAN EXCEL - PART 1 (REVIEW APLIKASI) (2021);Kuliner|Tutorial|Review;17/05/2020 21:28:14
Ne94Xauzc1Q;Masih bingung gimana nentuin Profit Penjualan? Masih suka boncos karena salah perhitungan biaya admin? Berapa sih harga ...;https://i.ytimg.com/vi/Ne94Xauzc1Q/mqdefault.jpg;Cara Menghitung Harga Jual di Shopee | Tips Menentukan Profit atau Laba Penjualan (2021);Tutorial|Ecommerce;10/04/2021 10:47:56
PpKna7SLgaU;Cara packing barang Online shop rapi aman dan cepet menggunakan kardus bekas Sebagai pemilik toko online, kamu akan ...;https://i.ytimg.com/vi/PpKna7SLgaU/mqdefault.jpg;Cara packing barang Online shop rapi aman dan cepet menggunakan kardus bekas (2021);Tutorial|Ecommerce;27/11/2020 09:04:14
dbTKZeLXzNw;Pernah membayangkan bisnis jamu di masa pandemi ini bisa membuat omzet melejit hingga 3 kali lipat? Menarik banget nih ...;https://i.ytimg.com/vi/dbTKZeLXzNw/mqdefault.jpg;OMZET MELEJIT 3 KALI LIPAT, BISNIS JAMU PILIHAN ENTREPRENEUR TAK LEKANG WAKTU (2021);Kuliner|Tutorial;02/11/2020 16:04:38
V-eZH-cddIg;PerencanaanUsahaModifikasiMakananKhasDaerah.;https://i.ytimg.com/vi/V-eZH-cddIg/mqdefault.jpg;Menyusun Perencanaan Usaha Modifikasi Makanan Khas Daerah menggunakan BMC (Business Model Canvas) (2021);Kuliner|Tutorial;02/08/2021 07:37:49
uKw5b3BBLxM;Kali ini aku mau sharing gimana aku buat laporan olshop, cocok buat pemula karna mudah banget untuk di buat. Disini juga aku ...;https://i.ytimg.com/vi/uKw5b3BBLxM/mqdefault.jpg;STARTING MY OWN BUSINESS #2 : LAPORAN KEUANGAN OLSHOP PEMULA | GIVEAWAY 1K SUBSCRIBER | INDONESIA (2021);Tutorial|Ecommerce;22/11/2020 12:00:52
0JeyMBOPLqw;Menguasai FIGMA dalam 30 MENIT + Bikin UI Desain Homepage Aplikasi Food Delivery Figma adalah editor grafis vektor dan ...;https://i.ytimg.com/vi/0JeyMBOPLqw/mqdefault.jpg;Menguasai FIGMA untuk Pemula + Bikin UI Desain Food Delivery (2021);Kuliner|Tutorial;28/01/2021 18:45:00
8g1H3ipDNOs;Note gw bahas sesuatu yang unik dari produk karena gw spot banyak temen gw yang ga berani jual jasanya dengan margin ...;https://i.ytimg.com/vi/8g1H3ipDNOs/mqdefault.jpg;Cara Bangun Bisnis dari Nol - Mulai Dari Sini (2021);Tutorial;20/05/2021 12:11:25
ajcD4Pl7h2w;2 CARA AMPUH MENCARI SUPLIER TANGAN PERTAMA . MAU SUKSES BISNIS ONLINE TANPA PUNYA PRODUK KLIK LINK ...;https://i.ytimg.com/vi/ajcD4Pl7h2w/mqdefault.jpg;CARA MENCARI SUPPLIER TANGAN PERTAMA (2021);Kuliner|Homecare|Healthcare|Tutorial|Ecommerce;20/04/2020 19:10:43
K2pv3WpYrgk;Video kali ini tentang cara mencari supplier tangan pertama http://bit.ly/supplierpertama. Bagaimana sih cara mencari supplier ...;https://i.ytimg.com/vi/K2pv3WpYrgk/mqdefault.jpg;Cara Mencari Supplier Tangan Pertama;Kuliner|Homecare|Healthcare|Tutorial|Ecommerce;25/04/2020 16:35:52
A0H7p1YEX8w;Wajib Buat Dropship!! Cara Mencari Supplier Termurah & Resi Otomatis Join Dropshipaja dengan harga promo dari Rp300.000 ...;https://i.ytimg.com/vi/A0H7p1YEX8w/mqdefault.jpg;"Wajib Buat Dropship�?�??�?Ǭ�� Cara Mencari Supplier Termurah &amp; Resi Otomatis (2021)";Kuliner|Homecare|Healthcare|Tutorial|Ecommerce;12/06/2020 15:00:05
MQhbJL0VF1I;Salah satu cara untuk menghasilkan uang tambahan adalah dengan berjualan online. Kalau kalian online shop pemula, pasti ...;https://i.ytimg.com/vi/MQhbJL0VF1I/mqdefault.jpg;CARA JITU MENCARI SUPPLIER MURAH UNTUK DIJUAL LAGI BAGI ONLINE SHOP PEMULA?�?�?�� (2021);Kuliner|Homecare|Healthcare|Tutorial|Ecommerce;17/12/2021 18:56:04
jpTyxjAcfAo;entrepreneurmudaIndonesia #ekspor #container Konten vlog kali ini tentang tips/cara mencari suplier produk ekspor. Semoga ...;https://i.ytimg.com/vi/jpTyxjAcfAo/mqdefault.jpg;CARA MENCARI SUPPLIER UNTUK PRODUK EKSPOR | ENTREPRENEUR VLOG (2021);Kuliner|Homecare|Healthcare|Tutorial|Ecommerce;21/05/2021 15:00:16
otJyF6k_6jk;caramencarisuplier #bisnismodalkeciluntungbesar #shopee #bisnis #dropshipperpemula #bisnisonline #carajualan ...;https://i.ytimg.com/vi/otJyF6k_6jk/mqdefault.jpg;Cara Mencari Suplier Tangan Pertama Di Shopee 2021 - Bisnis Modal Kecil Untung Besar - Ide Usaha (2021);Kuliner|Homecare|Healthcare|Tutorial|Ecommerce;24/04/2021 02:31:36
v4MgkDwr7ko;Tonton sampai selesai dan jangan lupa tonton video dibawah ini supaya kalian lebih paham lagi mengenai cara mencari ...;https://i.ytimg.com/vi/v4MgkDwr7ko/mqdefault.jpg;"Cara mencari supplier pertama semua produk se-indonesia (Q&amp;A) (2021)";Kuliner|Homecare|Healthcare|Tutorial|Ecommerce;03/07/2021 09:00:08
HltkNOrDQ5w;;https://i.ytimg.com/vi/HltkNOrDQ5w/mqdefault.jpg;CARA MENCARI SUPLIER UNTUK EKSPOR | LIVE STREAMING SERIES (2021);Kuliner|Homecare|Healthcare|Tutorial|Ecommerce;15/10/2020 08:39:44
mrZ6hldg2tw;Banyak dropshipper yang bingung cara mencari supplier tangan pertama yang benar. Kebanyakan dapat supplier yang diluar ...;https://i.ytimg.com/vi/mrZ6hldg2tw/mqdefault.jpg;Cara Mencari Supplier Tangan Pertama Untuk Reseller Dropship (2021);Kuliner|Homecare|Healthcare|Tutorial|Ecommerce;09/08/2020 18:55:50
gdx1LCX08Oo;shopee #dropshipshopee #shopee2022 #dropship #supplier #supplierdishopee #dropshiperpemula #dropshiper ...;https://i.ytimg.com/vi/gdx1LCX08Oo/mqdefault.jpg;CARA CARI SUPPLIER TERPERCAYA UNTUK DROPSHIP PEMULA DI SHOPEE - APAKAH SUPPLIER HARUS SATU KOTA ? (2021);Kuliner|Homecare|Healthcare|Tutorial|Ecommerce;15/02/2022 10:50:47
Wic4ydoVTA0;CARA MENCARI SUPPLIER RESI OTOMATIS & COD BUAT DROPSHIPPER . MAU SUKSES BISNIS ONLINE TANPA PUNYA ...;https://i.ytimg.com/vi/Wic4ydoVTA0/mqdefault.jpg;"CARA MENCARI SUPPLIER RESI OTOMATIS &amp; COD BUAT DROPSHIPPER (2021)";Kuliner|Homecare|Healthcare|Tutorial|Ecommerce;10/11/2020 22:52:49
1iFTX5l7KYU;dropshipper #suppliertanganpertama #caramencarisupplier #bisnisonline #shopee #ideusaha #dropship #reseller #carajualan ...;https://i.ytimg.com/vi/1iFTX5l7KYU/mqdefault.jpg;Cara Mencari Supplier Tangan Pertama Di Shopee 2022 - Bisnis Modal Kecil Untung Besar - Ide Usaha (2021);Kuliner|Homecare|Healthcare|Tutorial|Ecommerce;09/04/2022 11:18:08
fHwJWISWV_w;Diskon Up To 91% minimal berlangganan 1 tahun https://www.hostinger.co.id/RIONUGRAHAPUTRA (gunakan kode: ...;https://i.ytimg.com/vi/fHwJWISWV_w/mqdefault.jpg;"Cara Mencari Supplier di Cina &amp; Mendapatkan Harga Termurah | Alibaba vs. Aliexpress | Free Template (2021)";Kuliner|Homecare|Healthcare|Tutorial|Ecommerce;23/11/2020 17:58:51
#NAME?;Hai gan di video ini gue mau kasih tau Cara Mudah Mencari Supplier di Tokopedia Yang Menerima Resi Otomatis .cara ...;https://i.ytimg.com/vi/-m2Wd8y_DLA/mqdefault.jpg;TERBARU 2021 - Cara Mudah Mencari Supplier di Tokopedia Yang Menerima Resi Otomatis (2021);Kuliner|Homecare|Healthcare|Tutorial|Ecommerce;26/08/2021 20:37:11
x0oiBVQvHPU;Tag cara mencari distributor, cara mencari distributor sembako, cara mencari distributor kosmetik, cara mencari distributor di ...;https://i.ytimg.com/vi/x0oiBVQvHPU/mqdefault.jpg;CARA BELANJA KE DISTRIBUTOR/SUPPLIER PERTAMA SUPAYA DILAYANI (2021);Kuliner|Homecare|Healthcare|Tutorial|Ecommerce;25/04/2021 16:00:19
s5rHE-jN7sY;di video kali ini kita akan bahas CARA MENCARI SUPLIER TANGAN PERTAMA, buat teman2 yang masih bingung alias belum ...;https://i.ytimg.com/vi/s5rHE-jN7sY/mqdefault.jpg;CARA MENCARI SUPLIER TANGAN PERTAMA (2021);Kuliner|Homecare|Healthcare|Tutorial|Ecommerce;23/02/2021 14:10:23
3E3aVhRW9mk;Distributor/depo adalah supplier pertama sebuah produk Video ini adalah PART TERAKHIR pembahasan saya seputar ...;https://i.ytimg.com/vi/3E3aVhRW9mk/mqdefault.jpg;CARA MENCARI SUPPLIER PERTAMA SEMUA PRODUK (100% BERHASIL) (2021);Kuliner|Homecare|Healthcare|Tutorial|Ecommerce;14/02/2021 13:00:39
Ql73Zifr6bY;Assalamualaikum di video kali ini saya akan memberikan tutorial cara mencari produk yg laris shopee kemudian di jual kembali ...;https://i.ytimg.com/vi/Ql73Zifr6bY/mqdefault.jpg;Cara Mencari Suplier di Shopee untuk dijual lagi (2021);Kuliner|Homecare|Healthcare|Tutorial|Ecommerce;01/11/2020 23:22:35
ZKbMA9T8bc8;CARA cari SUPPLIER baik ONLINE di Marketplace Ataupun Di OFFLine Toko Grosir Channel ini mengadakan give away Rp.600 ...;https://i.ytimg.com/vi/ZKbMA9T8bc8/mqdefault.jpg;CARA CARI SUPLIER PRODUK UNTUK DIJUAL LAGI langsung CUAN (2021);Kuliner|Homecare|Healthcare|Tutorial|Ecommerce;19/10/2020 13:49:07
QR6C1kwsJLI;masih coba pakai metode lama untuk cari supplier di shopee? mungkin temen temen harus coba dengan cara yang lebih simple ...;https://i.ytimg.com/vi/QR6C1kwsJLI/mqdefault.jpg;CARA MUDAH MENCARI SUPPLIER TERBARU 2022 | Tips Mencari Supplier Di Shopee (2021);Kuliner|Homecare|Healthcare|Tutorial|Ecommerce;05/02/2022 17:51:07
nK7KDuaRyvM;DROPSHIPPER - CARA MENCARI SUPLIER DENGAN RESI OTOMATIS | DROPSHIP MARKETPLACE | BONG AFFAND .;https://i.ytimg.com/vi/nK7KDuaRyvM/mqdefault.jpg;DROPSHIPPER - CARA MENCARI SUPLIER DENGAN RESI OTOMATIS | DROPSHIP MARKETPLACE | BONG AFFAND (2021);Kuliner|Homecare|Healthcare|Tutorial|Ecommerce;03/04/2019 14:04:53
HCiKAXRcyEI;DI Video kali ini aku akan berbagi cara mencari suppilier tangan pertama di shopee bagi dropshipper pakai resi otomatis. ini ...;https://i.ytimg.com/vi/HCiKAXRcyEI/mqdefault.jpg;CARA MENCARI SUPPLIER TANGAN PERTAMA BAGI DROPSHIPPER PAKAI RESI OTOMATIS DI SHOPEE PALING LENGKAP!! (2021);Kuliner|Homecare|Healthcare|Tutorial|Ecommerce;14/02/2022 18:58:32
4cQy-I58940;Halo teman-teman. Di video kali ini aku mau share cara cari suplier di shopee untuk para dropshiper pemula. Background of ...;https://i.ytimg.com/vi/4cQy-I58940/mqdefault.jpg;CARA CARI SUPLIER DI SHOPEE UNTUK DROPSHIPER PEMULA | SUPLIER TANGAN PERTAMA DAN MURAH DI SHOPEE (2021);Kuliner|Homecare|Healthcare|Tutorial|Ecommerce;16/08/2021 19:10:11
t17Gxj4BmDI;Ini adalah beberapa toko starseller gue di shopee yaa guys, semoga bisa kalian pelajari. Dan sebagai bukti bahwa apa yang gue ...;https://i.ytimg.com/vi/t17Gxj4BmDI/mqdefault.jpg;Cara Mencari Supplier Untuk Jualan di Shopee (2021);Kuliner|Homecare|Healthcare|Tutorial|Ecommerce;22/07/2020 23:12:33
bTEr5StQdhg;Cara Cari supplier murah utuk toko baru offline bukan untuk tokopedia shopee bukalapak atau Lazada #supplier #cara #offline.;https://i.ytimg.com/vi/bTEr5StQdhg/mqdefault.jpg;Cara Cari supplier murah untuk toko baru offline bukan untuk tokopedia shopee bukalapak atau Lazada (2021);Kuliner|Homecare|Healthcare|Tutorial|Ecommerce;07/12/2019 08:15:12
Ix8HHVcdkqc;Sama seperti jika Anda beli barang di Tokopedia, Shopee, Lazada, Bukalapak, Dsb. tentunya Anda melihat badge toko, apakah ...;https://i.ytimg.com/vi/Ix8HHVcdkqc/mqdefault.jpg;Cara Mencari Supplier Terbaik Di 1688 (Reputasi Toko) (2021);Kuliner|Homecare|Healthcare|Tutorial|Ecommerce;06/03/2021 15:00:03
qgtD9pmsMlk;Solusi Para Dropship yang ingin mencari supplier untuk jualan di shopee marketpace, ini solusi yang tepat buat teman. cara ...,;https://i.ytimg.com/vi/qgtD9pmsMlk/mqdefault.jpg;CARA MENCARI SUPPLIER TANGAN PERTAMA DI SHOPEE MARKERPLACE 2020 Solusi Buat Dropship pemula (2021);Kuliner|Homecare|Healthcare|Tutorial|Ecommerce;29/04/2020 21:13:32
EuVI6k5iv9A;penjelasan kali ini mengenai mencari distributor selain di pasar kemana sih selain itu?;https://i.ytimg.com/vi/EuVI6k5iv9A/mqdefault.jpg;Cara alternatif mencari distributor selain di pasar, simak ya! (2021);Kuliner|Homecare|Healthcare|Tutorial|Ecommerce;19/04/2021 03:47:15
fW4BLvO29Rw;Supplier mempunyai peran penting bagi Calon Eksporter. Untuk mendapatkan Supplier. Calon Eksporter harus mempersiapkan ...;https://i.ytimg.com/vi/fW4BLvO29Rw/mqdefault.jpg;Seri#25 Bagaimana Cara Mencari Supplier (2021);Kuliner|Homecare|Healthcare|Tutorial|Ecommerce;28/12/2020 14:47:31
Tgk2EzQZwq4;Halo gaiys kita jawab lagi nih yang udah tanya tanya di instagram komunitas bisa ekspor. Komunitas Bisa Ekspor ...;https://i.ytimg.com/vi/Tgk2EzQZwq4/mqdefault.jpg;#TanyaEkspor part 08 | BAGAIMANA CARA AGAR SUPPLIER PERCAYA UNTUK KERJA SAMA ? (2021);Kuliner|Homecare|Healthcare|Tutorial|Ecommerce;22/01/2022 18:18:15
17bktOPr7xI;DROPSHIPPER/DROPSHIP MARKETPLACE - CARA MENCARI SUPLIER RESI OTOMATI . MAU SUKSES BISNIS ONLINE ...;https://i.ytimg.com/vi/17bktOPr7xI/mqdefault.jpg;DROPSHIPPER/DROPSHIP MARKETPLACE - CARA MENCARI SUPLIER RESI OTOMATIS (2021);Kuliner|Homecare|Healthcare|Tutorial|Ecommerce;07/11/2019 09:57:23
VjAANKo-9_k;for business / paid promotions / endors / cooperation and join the SMJK program IG @bangkit_real ...;https://i.ytimg.com/vi/VjAANKo-9_k/mqdefault.jpg;CARA MUDAH MENCARI SUPPLIER TANGAN PERTAMA SEMUA PRODUK (2021);Kuliner|Homecare|Healthcare|Tutorial|Ecommerce;30/03/2021 16:00:19
DvJG49Xw5IA;Toko alat listrik pemula agar berhati hati dalam memilih supplier alat listrik, pilih yang bergaransi resmi bukan yang garansi abal ...;https://i.ytimg.com/vi/DvJG49Xw5IA/mqdefault.jpg;CARA CARI SUPLIER YANG BENAR - TOKO ALAT LISTRIK PEMULA (2021);Homecare|Tutorial|Ecommerce;22/01/2022 21:41:30
Xw5d47Q3BSY;cara mencari supplier tangan pertama maksudnya yg amnah -di aplikasi mokkaya bong affand mengajarkan bagaimna mencari ...;https://i.ytimg.com/vi/Xw5d47Q3BSY/mqdefault.jpg;cara mencari supplier tangan pertama-di aplikasi mokkaya (2021);Kuliner|Homecare|Healthcare|Tutorial|Ecommerce;22/09/2021 15:59:44
g-YXU4Hfq6o;Cara Mudah mendapatkan Supplier Tangan Pertama . Hai guys, terima kasih untuk seribu subcribernya yah. merayakan seribu ...;https://i.ytimg.com/vi/g-YXU4Hfq6o/mqdefault.jpg;CARA MUDAH MENDAPATKAN SUPPLIER TANGAN PERTAMA (2021);Kuliner|Homecare|Healthcare|Tutorial|Ecommerce;30/07/2020 21:20:52
puAN_LaIA1E;CARA MENCARI SUPLIER DI SHOPEE RESI OTOMATIS TANGAN PERTAMA , Suplier tangan pertama dalam bisnis dropship ...;https://i.ytimg.com/vi/puAN_LaIA1E/mqdefault.jpg;CARA MENCARI SUPLIER DI SHOPEE RESI OTOMATIS TANGAN PERTAMA (2021);Kuliner|Homecare|Healthcare|Tutorial|Ecommerce;03/06/2020 07:58:50
TvVUE8sgK1k;Cara mencari distributor part 1��?��� https://youtu.be/X-DQ2lwpiwc Cara mencari distributor part 2��?��� ...;https://i.ytimg.com/vi/TvVUE8sgK1k/mqdefault.jpg;CARA MENCARI DISTRIBUTOR SEMBAKO DAN ROKOK ?�?ǝ�?100% BERHASIL (2021);Homecare|Tutorial|Ecommerce;20/11/2020 17:00:11
cV_2pn8pGRI;maaf sahabat semua kalau vidio PERTAMA saya ini jauh dari kata sempurna, niat channel ini hanya berbagi sedikit ilmu ...;https://i.ytimg.com/vi/cV_2pn8pGRI/mqdefault.jpg;sales distributor sembako - cara mencari no hp sales murah @MOBIL iim (2021);Tutorial|Ecommerce;11/02/2021 22:12:19
EAAWyw3EgXY;Video kali ini berisi tentang bagaimana caranya mencari suplier terbaru untuk dijadikan dropship. tonton sampai habis dan ...;https://i.ytimg.com/vi/EAAWyw3EgXY/mqdefault.jpg;cara mencari supplier di tokopedia terbaru untuk dijadikan dropship dan reseller (2021);Kuliner|Homecare|Healthcare|Tutorial|Ecommerce;15/04/2020 20:02:55
DtDDK7miPkY;Pada bagian pertama Cara Belanja di Alibaba Lengkap untuk Pemula kita akan belajar bagaimana caranya untuk menemukan ...;https://i.ytimg.com/vi/DtDDK7miPkY/mqdefault.jpg;Cara Belanja di Alibaba Lengkap untuk Pemula PART 1: Mencari Supplier Amanah (2021);Kuliner|Homecare|Healthcare|Tutorial|Ecommerce;05/09/2020 18:00:27
i6tdmkefqNc;Di Video ini kamu akan belajar langsung praktek Cara Mencari Supplier Tangan Pertama Bagi Dropshipper dan menemukan ...;https://i.ytimg.com/vi/i6tdmkefqNc/mqdefault.jpg;Cara Mencari Supplier Tangan Pertama Bagi Dropshipper | Supplier Terbaik Online dan Offline (2021);Kuliner|Homecare|Healthcare|Tutorial|Ecommerce;27/03/2021 15:00:07
Hv1NR39yWBw;Halo sahabat bisnis, pada video ini akan dibahas bagaimana cara mendapatkan Supplier atau pemasok barang dagangan. ada ...;https://i.ytimg.com/vi/Hv1NR39yWBw/mqdefault.jpg;Cara Mendapatkan Supplier (Pemasok) pada Toko Bangunan. (2021);Homecare|Tutorial|Ecommerce;09/02/2022 08:09:46
4jOTg8fvYdQ;Terimakasih sudah mampir channel saya Jangan lupa sibscribe supaya tidak ketinggalan info tentang bisnis makanan beku ...;https://i.ytimg.com/vi/4jOTg8fvYdQ/mqdefault.jpg;CARA MENCARI DISTRIBUTOR FROZEN FOOD (2021);Kuliner|Homecare|Healthcare|Tutorial|Ecommerce;30/10/2020 12:16:04
Afyxc65KKlQ;Supplier Merupakan kunci kesuksesan kita sebagai dropshiper, mencari dan memilih supplier buka sembarangan tetapi harus ...;https://i.ytimg.com/vi/Afyxc65KKlQ/mqdefault.jpg;TERBONGKAR! CARA MENCARI SUPLIER RESI OTOMATIS DROPSHIP MARKETPLACE (2021);Kuliner|Homecare|Healthcare|Tutorial|Ecommerce;06/08/2019 12:49:35
082sE1H7HcQ;Hallo juragan di video Cara Dapat Supplier Mau RESI OTOMATIS gue akan kasih tahu cara mencari supplier resi otomatis untuk ...;https://i.ytimg.com/vi/082sE1H7HcQ/mqdefault.jpg;Cara Mudah Dapat Supplier Resi Otomatis (2021);Kuliner|Homecare|Healthcare|Tutorial|Ecommerce;14/09/2020 20:55:17
sXD_FXhVp3Y;Kali ini kita akan praktekan cara mencari distributor atau sales dari barang yang kita ingin jual lagi. #Peluangusaha.;https://i.ytimg.com/vi/sXD_FXhVp3Y/mqdefault.jpg;Cara mencari distributor dan sales dari produk yang kita mau jual lagi (2021);Kuliner|Homecare|Healthcare|Tutorial|Ecommerce;17/03/2021 05:37:46
uT39ijO-HAk;for business / paid promotions / endors / cooperation and join the SMJK program IG @bangkit_real ...;https://i.ytimg.com/vi/uT39ijO-HAk/mqdefault.jpg;CARA MEMBUAT SUPPLIER MENCARI KITA (2021);Kuliner|Homecare|Healthcare|Tutorial|Ecommerce;31/03/2021 16:00:32
HY1VQS6HCnM;Register Ginee Tools :https://bit.ly/DaftardenganAyu Ginee Tool adalah platform yang dapat menganalisa produk, membaca ...;https://i.ytimg.com/vi/HY1VQS6HCnM/mqdefault.jpg;TERBARU 2022.CARA RISET SUPPLIER DARI MARKETPLACE.BISA LANGSUNG COPY PRODUK SUPPLIER KE TOKO KALIAN! (2021);Kuliner|Homecare|Healthcare|Tutorial|Ecommerce;09/03/2022 11:54:33
YfuLDoPhqNw;tokoplastik #pabrikplastiksurabaya makasih yg udah nonton video ini.;https://i.ytimg.com/vi/YfuLDoPhqNw/mqdefault.jpg;CARA MENCARI SUPLIER TOKO PLASTIK (2021);Homecare|Tutorial|Ecommerce;08/03/2021 19:29:30
hRrbABG0Tng;bukan cara mencari distributor sembako murah / toko grosir sembako kerap kali dianggap lebih murah dari harga distributornya, ...;https://i.ytimg.com/vi/hRrbABG0Tng/mqdefault.jpg;cara mencari distributor sembako murah / toko grosir sembako @MOBIL iim (2021);Homecare|Tutorial|Ecommerce;28/02/2021 22:02:58
4dw53DUUvRg;Penyakit dan kehidupan tidak bisa dipisahkan, apa lagi di era kemajuan saat ini. Banyak sekali gaya hidup manusia yang ...;https://i.ytimg.com/vi/4dw53DUUvRg/mqdefault.jpg;5 Peluang Bisnis di Bidang Kesehatan. Mulia dan Menjanjikan! (2021);Healthcare|Tutorial;15/02/2020 09:48:23
bLjF_Y6IjOM;Salam hidup sehat dengan biaya hemat! Kesempatan emas bagi Anda yang sedang mencari bisnis franchise atau waralaba!;https://i.ytimg.com/vi/bLjF_Y6IjOM/mqdefault.jpg;Kerja Sama Dunia Alkes (2021);Healthcare;25/09/2019 13:52:53
yfobaH77xGE;Vlog keluarga, anak-anak, bisnis, perjalanan, liburan, semua tentang kejadian sehari - hari yang bermanfaat dan meghibur.;https://i.ytimg.com/vi/yfobaH77xGE/mqdefault.jpg;MENGAPA MEMILIH USAHA TOKO ALKES ??? | PART 2 (2021);Healthcare|Tutorial;30/11/2020 13:21:10
A2Xd7KujFkw;Video ini berisi informasi seputar Ide Bisnis Kesehatan Rumah Sehat Thohiroh yang menjadi Inspirasi Bisnis bagi para pengikut ...;https://i.ytimg.com/vi/A2Xd7KujFkw/mqdefault.jpg;Ide Bisnis Kesehatan Rumah Sehat Thohiroh | NiagaTVdotcom (2021);Kuliner|Homecare|Healthcare;12/05/2020 20:25:33
6w3U20LOPog;Video kali ini tentang ide bisnis unik yang masih jarang di Indonesia. Membuka usaha sendiri adalah jalan keluar paling logis ...;https://i.ytimg.com/vi/6w3U20LOPog/mqdefault.jpg;IDE BISNIS UNIK YANG MASIH JARANG DI INDONESIA (2021);Kuliner|Homecare|Healthcare|Tutorial;27/11/2020 20:00:11
lC36ULCLD7c;YtCrash - Sederhana tapi Kok Kita Nggak Kepikiran ya?!! Sampai Puntung Rokok pun Bisa Dimanfaatkan 15205-1A ide ...;https://i.ytimg.com/vi/lC36ULCLD7c/mqdefault.jpg;Sederhana tapi Kok Kita Nggak Kepikiran ya?!! Sampai Puntung Rokok pun Bisa Dimanfaatkan #YtCrash (2021);Homecare|Tutorial;28/08/2020 11:30:04
soEM1GEG3uY;Tips bisnis kali ini membahas tentang bisnis jasa yang menghasilkan. Apa saja yang perlu diperhatikan? Langsung aja, tonton ...;https://i.ytimg.com/vi/soEM1GEG3uY/mqdefault.jpg;BISNIS JASA YANG MENGUNTUNGKAN (2021);Homecare;16/10/2020 21:14:32
mM9tKImCxzU;Bisnis alat terapi kesehatan banyak merk dan model bisnisnya. Salah satu alat terapi kesehatan yang cukup dikenal adalah ...;https://i.ytimg.com/vi/mM9tKImCxzU/mqdefault.jpg;Strategi marketing bisnis alat terapi kesehatan, memberikan bukti sebelum bertraksaksi (2021);Homecare|Healthcare;06/10/2020 22:33:33
1W7XkKb2L5U;Peluang Bisnis Di Bidang Kesehatan Yang Potensial Bidang kesehatan salah satu sektor yang paling krusial dalam kehidupan ...;https://i.ytimg.com/vi/1W7XkKb2L5U/mqdefault.jpg;Peluang Bisnis Di Bidang Kesehatan Yang Potensial (2021);Healthcare;03/02/2021 10:00:00
9NHnPKQyZJY;Review barang barang dagangan.. kali ini kita review jenis2 shampo sachet. pastinya barang2 ini laris poll.;https://i.ytimg.com/vi/9NHnPKQyZJY/mqdefault.jpg;Pundi Pundi Rupiah Selalu Mengalir Dengan Bisnis Ini || IDE BISNIS (2021);Kuliner|Homecare|Healthcare|Tutorial;21/08/2020 19:32:40
V4aqjkXEhmo;Assalamualaikum Beberapa dokter baru lulus perlu menunggu berbagai berkas hingga selanjutnya memiliki SIP dan bisa ...;https://i.ytimg.com/vi/V4aqjkXEhmo/mqdefault.jpg;Karir Dokter : Menjadi Pemilik Klinik BPJS - Aprelea Noni (2021);Healthcare;03/10/2020 20:00:27
PanBbo2bgSU;Untuk Endorse & Kerjasama Chanel YouTube Ayu Catur: CP Widya 0821 40000 544 (WA ONLY) Note: WA diatas bukan untuk ...;https://i.ytimg.com/vi/PanBbo2bgSU/mqdefault.jpg;REKOMENDASI SUPPLIER TANGAN PERTAMA HOME DECOR ATAU PERABOT RUMAH TANGGA LANGSUNG DARI PABRIKNYA (2021);Homecare;29/03/2021 16:03:01
cu1kBHNloo8;Pengin buka usaha rentalan / penyewaan, tapi masih bingung apa yang cocok? Mending cek dulu 10 rekomendasi ide usaha ...;https://i.ytimg.com/vi/cu1kBHNloo8/mqdefault.jpg;10 Ide Usaha Rental Kreatif yang Menguntungkan (2021);Homecare|Tutorial;11/10/2019 15:47:25
LmRwrh2Uyac;Pantau Terus Video Komunitas YES Indobisa Senin, Rabu Dan Jumat Semoga Menginspirasi Salam Hebat Luar Biasa ...;https://i.ytimg.com/vi/LmRwrh2Uyac/mqdefault.jpg;Peluang Bisnis Unik yang Belum Ada di Indonesia ditahun 2021!!! #BisnisTanpaSaingan #Bisnis2021 (2021);Kuliner|Homecare|Healthcare;10/02/2021 09:00:07
l8myQkPDCt4;Ingin membuka klinik baru? Ingin membuka praktek mandiri? Segala sesuatunya perlu dipersiapkan, apa saja sih yang ...;https://i.ytimg.com/vi/l8myQkPDCt4/mqdefault.jpg;INILAH HAL-HAL YANG DIPERHATIKAN SEBELUM MEMBUKA KLINIK SENDIRI || Buka klinik mandiri (2021);Healthcare|Tutorial;30/08/2020 20:34:51
dHUZoxv1G6A;Peluang usaha yang tidak ada matinya akan sangat menguntungkan secara jangka panjang jika pelakunya berhasil ...;https://i.ytimg.com/vi/dHUZoxv1G6A/mqdefault.jpg;7 Peluang Usaha Yang Tidak Ada Matinya (2021);Kuliner|Homecare|Healthcare;05/02/2021 17:00:13
e3RYIZAoyYY;Video kali ini tentang 8 ide bisnis kreatif yang jarang ada. Cukup banyak usaha kreatif yang bisa Anda jalankan dan Anda coba.;https://i.ytimg.com/vi/e3RYIZAoyYY/mqdefault.jpg;8 USAHA KREATIF INI JARANG DILIRIK PENGUSAHA (2021);Kuliner|Homecare|Healthcare;26/12/2020 06:00:10
tBHeVw7NcKg;https://www.cnbcindonesia.com/investment/20190123174454-23-52052/prospek-bisnis-di-industri-jaga-kesehatan?utm_source= ...;https://i.ytimg.com/vi/tBHeVw7NcKg/mqdefault.jpg;Prospek Bisnis di Industri Jaga Kesehatan (2021);Healthcare;23/01/2019 18:52:02
yEQn7G7YOKo;SAINGAN NYA JARANG !! ide usaha yang potensial di tahun 2022 ~ ide usaha di kampung ~ ide usaha assalamualaikum ...;https://i.ytimg.com/vi/yEQn7G7YOKo/mqdefault.jpg;SAINGAN NYA JARANG !! ide usaha yang potensial di tahun 2022 ~ ide usaha di kampung ~ ide usaha (2021);Kuliner|Homecare|Healthcare;30/08/2021 12:58:43
kphqDmsPl84;Gaya hidup sehat yang semakin menjamur di ibu kota menjadi pasar baru untuk produk minuman kesehatan seperti Press Jus.;https://i.ytimg.com/vi/kphqDmsPl84/mqdefault.jpg;Money Maker - Segarnya Bisnis Minuman Sehat (2021);Kuliner|Healthcare|Tutorial;21/10/2016 13:33:56
6tabts6pxHE;Video kali ini tentang cara membuka memulai usaha toko plastik. Dengan menjual aneka kebutuhan plastik tentu akan memiliki ...;https://i.ytimg.com/vi/6tabts6pxHE/mqdefault.jpg;CARA MEMULAI USAHA TOKO PLASTIK (2021);Homecare|Tutorial;08/03/2021 19:30:16
EOf-mlWB76U;CUMA INI ALAT USAHA SNACK - USAHA MODAL KECIL UNTUNG BESAR Silahkan datang dan hubungi kami deSnack Jl.,;https://i.ytimg.com/vi/EOf-mlWB76U/mqdefault.jpg;CUMA INI ALAT USAHA SNACK - USAHA MODAL KECIL UNTUNG BESAR (2021);Kuliner|Tutorial;11/02/2022 00:00:07
b5PMF5CIsp8;MANFAAT JAHE KUNYIT LENGKUAS SERAI JERUK NIPIS dr Zaidul Akbar | CARA MEMBUAT RAMUAN CINTA BY MUTI Ide ...;https://i.ytimg.com/vi/b5PMF5CIsp8/mqdefault.jpg;IDE BISNIS RAMUAN CINTA BY DR. ZAIDUL AKBAR (2021);Kuliner|Homecare|Tutorial|Review;03/01/2022 17:33:00
VRhyJV4_Y-w;membuat alat sederhana sari barang bekas,tapi alat ink sang at membantu terutama bagi pelaku usaha rumahan,usaha ...;https://i.ytimg.com/vi/VRhyJV4_Y-w/mqdefault.jpg;ide kreatif || ide usaha modal kecil #alat sederhana #sayapmedan (2021);Homecare;06/03/2022 09:04:33
n6CfSEzKU94;IDE PRODUK DI ERA PANDEMIK COVID-19 Di tengah wabah virus, bukan berarti Anda harus berhenti berjualan. Banyak ide-ide ...;https://i.ytimg.com/vi/n6CfSEzKU94/mqdefault.jpg;IDE PRODUK DI ERA PANDEMIK COVID 19 Peluang Usaha Saat Corona (2021);Kuliner|Homecare|Healthcare;18/07/2020 20:57:08
Yr6HsvhE5B0;3,5 JUTA PERHARI!! JUALAN INI AWALNYA DIMULAI TANPA MODAL | IDE USAHA MODAL KECIL 2021 Usaha sukses di awali ...;https://i.ytimg.com/vi/Yr6HsvhE5B0/mqdefault.jpg;3,5 JUTA PERHARI!! JUALAN INI AWALNYA DIMULAI TANPA MODAL | IDE USAHA MODAL KECIL 2021 (2021);Kuliner|Tutorial;11/07/2021 17:45:39
nmQlUXXbIzk;Tetap Berpikir positif, Berpikir Optimis, Tetap Semangat, Anda Pasti Bisa, silakan menyimak video ini, semoga bermanfaat.;https://i.ytimg.com/vi/nmQlUXXbIzk/mqdefault.jpg;TIPS BISNIS SUKSES : 3 CARA MARKETING AMPUH UNTUK PEBISNIS PEMULA - COACH HENDRA HILMAN (2021);Kuliner|Homecare|Healthcare|Tutorial;28/03/2017 14:18:14
7gfmMNkUYnU;9 ide bisnis kecil terbaik untuk pemula di tahun 2022. Mulailah bisnis kecil dengan investasi modal berbiaya rendah di tahun ...;https://i.ytimg.com/vi/7gfmMNkUYnU/mqdefault.jpg;IDE BISNIS DI TAHUN 2022 | PELUANG BAGI PEMULA (2021);Kuliner|Homecare|Healthcare|Tutorial;02/01/2022 22:00:39
zcNfFN8FG3U;BreakdownKuliner CIKI KEBUL! Karena banyak pro dan kontranya tentang pemakaian Nitrogen cair yang katanya berbahaya ini ...;https://i.ytimg.com/vi/zcNfFN8FG3U/mqdefault.jpg;NITROGEN CAIR BERBAHAYA? CIKI KEBUL | Breakdown Kuliner #3 (2021);Kuliner|Review;22/04/2019 15:25:18
7Eyk44OqqPw;berbagi ilmu ada banyak jalan mencari rezeki, tujuan akhir adalah kematangan ekonomi, selama mau bergerak dan berusaha ...;https://i.ytimg.com/vi/7Eyk44OqqPw/mqdefault.jpg;PELUANG USAHA UNTUNG MELIMPAH, JUALAN SEPATU DARI SPORT STATION (2021);Homecare|Tutorial|Ecommerce|Marketing;14/08/2019 11:10:36
G-bjn-eJE4g;No more buntu-buntu! Cari ide konten dengan lebih mudah lewat metode yang aku jelasin disini. Pssst, metodenya bisa dipake ...;https://i.ytimg.com/vi/G-bjn-eJE4g/mqdefault.jpg;CARI IDE KONTEN POSTINGAN DALAM WAKTU SINGKAT (2021);Tutorial|Ecommerce|Marketing;10/02/2021 13:00:03
Ko2Cbg2W0uI;TAHUN 2022, TINGGAL BEBERAPA HARI LAGI Belum punya ide berbisnis..simak video diatas.;https://i.ytimg.com/vi/Ko2Cbg2W0uI/mqdefault.jpg;IDE BISNIS 2022 (2021);Kuliner|Homecare|Healthcare;15/12/2021 11:28:34
RQOahKiMleg;Kabar baik dari anak Indonesia! Berikut adalah beberapa inovasi terbaik anak Indonesia di bidang kesehatan.;https://i.ytimg.com/vi/RQOahKiMleg/mqdefault.jpg;Inovasi Terbaik Anak Indonesia di Bidang Kesehatan (2021);Healthcare|Review;21/12/2017 17:05:53
wams0YdFAqY;untungnya lumayan lo . membuat sarung bantal dan mudah banget cara membuatnya . semoga vidio ini bisa memberikan solusi ...;https://i.ytimg.com/vi/wams0YdFAqY/mqdefault.jpg;Untungnya Lumayan membuat sarung bantal .mudah banget#menjahit #konveksi (2021);Homecare|Tutorial;29/01/2021 08:21:46
qGcDfZ9ZvIw;Treepod dari Investree kembali lagi, kali ini kami ngobrol dengan salah satu borrower kami yang bergerak dalam bidang ...;https://i.ytimg.com/vi/qGcDfZ9ZvIw/mqdefault.jpg;"Kepoin Bagaimana Tantangan &amp; Strategi Pelaku Usaha Bidang Kesehatan - Treepod Investree Podcast (2021)";Healthcare;16/09/2021 10:00:18
vzC9x2dNgKw;6 Jenis Ide Bisnis Wirausaha Tak Akan Habis Oleh Zaman, Bisa Ratusan Juta Perbulan di dunia ini banyak bisnis atau pekerjaan ...;https://i.ytimg.com/vi/vzC9x2dNgKw/mqdefault.jpg;6 Jenis Ide Bisnis Wirausaha Tak Akan Habis Oleh Zaman, Bisa Ratusan Juta Perbulan (2021);Kuliner|Homecare|Healthcare|Tutorial;14/08/2021 10:30:45
IN4AVSbz1nw;JURNAL 19, one of the top programs by BINUS TV, presents a variety of information that exists around us. This news program ...;https://i.ytimg.com/vi/IN4AVSbz1nw/mqdefault.jpg;[Liputan] BINUS dan Atmajaya Sepakati Kerja Sama Kompetisi Ide Bisnis Kesehatan (2021);Healthcare;18/10/2018 20:07:25
XW2j9xSEL9M;Assalamuallaikum Wr. Wb. Hallo selamat datang di channel AYUKK KULINER. Disini saya akan membagikan resep-resep yang ...,;https://i.ytimg.com/vi/XW2j9xSEL9M/mqdefault.jpg;Ide Bisnis Modal Nipis Di Bulan Puasa (2021);Kuliner|Tutorial;13/04/2020 17:03:07
vNL8u282VGE;Assalamuallaikum Wr. Wb. Hallo selamat datang di channel AYUKK KULINER. Disini saya akan membagikan resep-resep yang ...,;https://i.ytimg.com/vi/vNL8u282VGE/mqdefault.jpg;Ide Bisnis Murah Meriah Lagi Omzetnya JUARA (2021);Kuliner|Tutorial;06/04/2020 17:10:48
VMM7MMe7eAY;Peluang usaha di desa 2022, Yuk ikuti usaha saya sebulan 5-6 juta bisa di kantongi, resep nya sudah saya bagikan daripada ...;https://i.ytimg.com/vi/VMM7MMe7eAY/mqdefault.jpg;Peluang usaha di kampung 2022 yang potensial, saingan minim (2021);Kuliner|Tutorial;10/11/2021 05:24:56
PvGS3fXxSyM;Hallo semua! Selamat datang kembali di Channelku Phonix megawati. Di video kali ini aku mau sharing ke kalian step by stepnya ...;https://i.ytimg.com/vi/PvGS3fXxSyM/mqdefault.jpg;DIY Resin Bookmarks | PELUANG USAHA MODAL 15RB-AN bisa untung 100% (2021);Homecare|Tutorial|Review;17/05/2021 15:00:16
7dkbuxRSSK4;Menurut Numerologist tahun 2022 ini serba berpasangan, namanya juga baru saja keluar dari pandemi. Itu pun belum tuntas ...;https://i.ytimg.com/vi/7dkbuxRSSK4/mqdefault.jpg;10 Trend yang Bakal Dihadapi Kaum Bisnis di 2022 (2021);Tutorial;01/01/2022 15:30:58
Xxe0_2Hj0YA;Assalamuallaikum Wr. Wb. Hallo selamat datang di channel AYUKK KULINER. Disini saya akan membagikan resep-resep yang ...,;https://i.ytimg.com/vi/Xxe0_2Hj0YA/mqdefault.jpg;Ide Bisnis Murah Meriah 3000an Modal Ekonomis Untung Manis (2021);Tutorial|Marketing;05/04/2020 17:11:13
vh24YTccouI;Ada banyak sekali peluang bisnis ditahun 2022 yang mudah untuk dikembangkan, hal tersebut bisa diwujudkan jika kamu ...;https://i.ytimg.com/vi/vh24YTccouI/mqdefault.jpg;8 Peluang Bisnis yang Mudah Dikembangkan di Tahun 2022 (2021);Ecommerce|Marketing;09/12/2021 12:00:32
AoHXdzV-ewk;Assalamuallaikum Wr. Wb. Hallo selamat datang di channel AYUKK KULINER. Disini saya akan membagikan resep-resep yang ...,;https://i.ytimg.com/vi/AoHXdzV-ewk/mqdefault.jpg;Ide Bisnis Modal Kecil Buat Nitip Diwarung | Home Industri (2021);Kuliner|Tutorial;19/04/2020 16:52:52
tCptK755QEo;2 Kasus terkait bisnis kotor di tengah pandemic Covid-19 terjadi di Medan, Sumut, yakni tes antigen bekas dan jual beli vaksin ...;https://i.ytimg.com/vi/tCptK755QEo/mqdefault.jpg;Lunch Talk: �?�?ǏBisnis Kotor�?�?�� di Tengah Pandemi #2 (2021);Ecommerce|Marketing;23/05/2021 15:46:47
NnKrqmC2dXI;Sedang mencari ide barang yang cepat laku dijual online? Dewasa ini, memulai bisnis online memang tidak sesulit yang ...;https://i.ytimg.com/vi/NnKrqmC2dXI/mqdefault.jpg;11 Ide Barang yang Cepat Laku Dijual Online Tahun 2022 (2021);Ecommerce|Marketing;03/06/2022 13:00:11
6I0Y3a844YU;Pada video kali ini, kami menghadirkan 10 pekerjaan yang kami pantau sangat menjanjikan dalam 5 tahun ke depan. Pekerjaan ...;https://i.ytimg.com/vi/6I0Y3a844YU/mqdefault.jpg;10 Peluang Pekerjaan/Usaha yang Perlu Diincar di Tahun 2022-2026 | FSP (2021);Tutorial;08/06/2021 06:16:17
1tO9h2az9P8;CERDAS!! CUMA MODAL ALAT DI PUTER.. KENTANG SPIRAL KEKINIAN INI LARIS MANIS | IDE USAHA IDE JUALAN Nama ...;https://i.ytimg.com/vi/1tO9h2az9P8/mqdefault.jpg;CERDAS!! CUMA MODAL ALAT DI PUTER.. KENTANG SPIRAL KEKINIAN INI LARIS MANIS | IDE USAHA IDE JUALAN (2021);Kuliner|Tutorial|Marketing|Review;06/02/2022 17:45:31
Ihw9zXR6Xjk;Hai temen-temen ! Divideo kali ini gua ingin kasitau kalian 3 produk yang bisa memberikan kalian Profit / Cuan / Margin Besar loh ...;https://i.ytimg.com/vi/Ihw9zXR6Xjk/mqdefault.jpg;JUAL 3 PRODUK INI MARGIN / PROFIT BESAR ! Produk Laris Manis Jualan Online ! (2021);Ecommerce;14/11/2021 19:15:01
